Compound ID,ESOL predicted log solubility in mols per litre,Minimum Degree,Molecular Weight,Number of H-Bond Donors,Number of Rings,Number of Rotatable Bonds,Polar Surface Area,measured log solubility in mols per litre,smiles,Fingerprint,MW,LogP,TPSA,HBD,HBA,scaffold
Amigdalin,-0.974,1,457.4320000000001,7,3,7,202.32,-0.77,OCC3OC(OCC2OC(OC(C#N)c1ccccc1)C(O)C(O)C2O)C(O)C(O)C3O ,<rdkit.DataStructs.cDataStructs.ExplicitBitVect object at 0x000001C74D98C200>,457.4320000000001,-3.1080199999999985,202.31999999999996,7.0,12.0,c1ccc(COC2CCCC(COC3CCCCO3)O2)cc1
Fenfuram,-2.885,1,201.225,1,2,2,42.24,-3.3,Cc1occc1C(=O)Nc2ccccc2,<rdkit.DataStructs.cDataStructs.ExplicitBitVect object at 0x000001C74D98C2E0>,201.22500000000002,2.840320000000001,42.24,1.0,2.0,O=C(Nc1ccccc1)c1ccoc1
citral,-2.579,1,152.237,0,0,4,17.07,-2.06,CC(C)=CCCC(C)=CC(=O),<rdkit.DataStructs.cDataStructs.ExplicitBitVect object at 0x000001C74D98C3C0>,152.237,2.878000000000001,17.07,0.0,1.0,
Picene,-6.617999999999999,2,278.354,0,5,0,0.0,-7.87,c1ccc2c(c1)ccc3c2ccc4c5ccccc5ccc43,<rdkit.DataStructs.cDataStructs.ExplicitBitVect object at 0x000001C74D98C4A0>,278.354,6.299400000000004,0.0,0.0,0.0,c1ccc2c(c1)ccc1c2ccc2c3ccccc3ccc21
Thiophene,-2.232,2,84.14299999999999,0,1,0,0.0,-1.33,c1ccsc1,<rdkit.DataStructs.cDataStructs.ExplicitBitVect object at 0x000001C74D98C580>,84.14299999999999,1.7480999999999998,0.0,0.0,1.0,c1ccsc1
benzothiazole,-2.733,2,135.191,0,2,0,12.89,-1.5,c2ccc1scnc1c2 ,<rdkit.DataStructs.cDataStructs.ExplicitBitVect object at 0x000001C74D98C660>,135.191,2.2962999999999996,12.89,0.0,2.0,c1ccc2scnc2c1
"2,2,4,6,6'-PCB",-6.545,1,326.437,0,2,1,0.0,-7.32,Clc1cc(Cl)c(c(Cl)c1)c2c(Cl)cccc2Cl,<rdkit.DataStructs.cDataStructs.ExplicitBitVect object at 0x000001C74D98C740>,326.437,6.620600000000001,0.0,0.0,0.0,c1ccc(-c2ccccc2)cc1
Estradiol,-4.138,1,272.388,2,4,0,40.46,-5.03,CC12CCC3C(CCc4cc(O)ccc34)C2CCC1O,<rdkit.DataStructs.cDataStructs.ExplicitBitVect object at 0x000001C74D98C820>,272.388,3.6092000000000026,40.46,2.0,2.0,c1ccc2c(c1)CCC1C2CCC2CCCC21
Dieldrin,-4.533,1,380.913,0,5,0,12.53,-6.29,ClC4=C(Cl)C5(Cl)C3C1CC(C2OC12)C3C4(Cl)C5(Cl)Cl,<rdkit.DataStructs.cDataStructs.ExplicitBitVect object at 0x000001C74D98C900>,380.913,4.481400000000002,12.53,0.0,1.0,C1=CC2CC1C1C3CC(C4OC34)C21
Rotenone,-5.246,1,394.4230000000002,0,5,3,63.22,-4.42,COc5cc4OCC3Oc2c1CC(Oc1ccc2C(=O)C3c4cc5OC)C(C)=C ,<rdkit.DataStructs.cDataStructs.ExplicitBitVect object at 0x000001C74D98C9E0>,394.42300000000023,3.7033000000000023,63.22,0.0,6.0,O=C1c2ccc3c(c2OC2COc4ccccc4C12)CCO3
2-pyrrolidone,0.243,1,85.10600000000001,1,1,0,29.1,1.07,O=C1CCCN1,<rdkit.DataStructs.cDataStructs.ExplicitBitVect object at 0x000001C74D98CAC0>,85.10600000000001,-0.10360000000000008,29.1,1.0,1.0,O=C1CCCN1
2-Chloronapthalene,-4.063,1,162.61899999999997,0,2,0,0.0,-4.14,Clc1ccc2ccccc2c1,<rdkit.DataStructs.cDataStructs.ExplicitBitVect object at 0x000001C74D98CBA0>,162.61899999999997,3.4932000000000016,0.0,0.0,0.0,c1ccc2ccccc2c1
1-Pentene ,-2.01,1,70.135,0,0,2,0.0,-2.68,CCCC=C,<rdkit.DataStructs.cDataStructs.ExplicitBitVect object at 0x000001C74D98CC80>,70.135,1.9725,0.0,0.0,0.0,
Primidone,-1.897,1,218.256,2,2,2,58.2,-2.64,CCC1(C(=O)NCNC1=O)c2ccccc2,<rdkit.DataStructs.cDataStructs.ExplicitBitVect object at 0x000001C74D98CD60>,218.256,0.5378999999999994,58.2,2.0,2.0,O=C1NCNC(=O)C1c1ccccc1
Tetradecane,-5.45,1,198.39399999999995,0,0,11,0.0,-7.96,CCCCCCCCCCCCCC,<rdkit.DataStructs.cDataStructs.ExplicitBitVect object at 0x000001C74D98CE40>,198.39399999999995,5.707400000000006,0.0,0.0,0.0,
2-Chloropropane,-1.585,1,78.542,0,0,0,0.0,-1.41,CC(C)Cl,<rdkit.DataStructs.cDataStructs.ExplicitBitVect object at 0x000001C74D98CF20>,78.542,1.6336,0.0,0.0,0.0,
2-Methylbutanol,-1.027,1,88.14999999999999,1,0,2,20.23,-0.47,CCC(C)CO,<rdkit.DataStructs.cDataStructs.ExplicitBitVect object at 0x000001C74D98D000>,88.14999999999999,1.0248,20.23,1.0,1.0,
Benzonitrile,-2.03,1,103.12399999999997,0,1,0,23.79,-1.0,N#Cc1ccccc1,<rdkit.DataStructs.cDataStructs.ExplicitBitVect object at 0x000001C74D98D0E0>,103.12399999999997,1.5582799999999999,23.79,0.0,1.0,c1ccccc1
Diazinon,-3.989,1,304.35200000000003,0,1,7,53.47,-3.64,CCOP(=S)(OCC)Oc1cc(C)nc(n1)C(C)C,<rdkit.DataStructs.cDataStructs.ExplicitBitVect object at 0x000001C74D98D1C0>,304.35200000000003,3.5847200000000026,53.47,0.0,6.0,c1cncnc1
2-Undecanol,-3.096,1,172.312,1,0,8,20.23,-2.94,CCCCCCCCCC(C)O,<rdkit.DataStructs.cDataStructs.ExplicitBitVect object at 0x000001C74D98D2A0>,172.312,3.5079000000000025,20.23,1.0,1.0,
"2,2',3,4,6-PCB",-6.627000000000001,1,326.437,0,2,1,0.0,-7.43,Clc1ccc(c(Cl)c1)c2c(Cl)ccc(Cl)c2Cl ,<rdkit.DataStructs.cDataStructs.ExplicitBitVect object at 0x000001C74D98D380>,326.437,6.620600000000001,0.0,0.0,0.0,c1ccc(-c2ccccc2)cc1
Lenacil,-3.355,1,234.29899999999995,1,3,1,54.86,-4.593999999999999,O=c2[nH]c1CCCc1c(=O)n2C3CCCCC3,<rdkit.DataStructs.cDataStructs.ExplicitBitVect object at 0x000001C74D98D460>,234.29899999999995,1.5305,54.86,1.0,2.0,O=c1[nH]c2c(c(=O)n1C1CCCCC1)CCC2
Phorate,-3.747,1,260.386,0,0,8,18.46,-4.11,CCOP(=S)(OCC)SCSCC,<rdkit.DataStructs.cDataStructs.ExplicitBitVect object at 0x000001C74D98D540>,260.38599999999997,3.727700000000003,18.46,0.0,5.0,
Phenacetin,-2.342,1,179.219,1,1,3,38.33,-2.35,CCOc1ccc(NC(=O)C)cc1,<rdkit.DataStructs.cDataStructs.ExplicitBitVect object at 0x000001C74D98D620>,179.219,2.0437,38.33,1.0,2.0,c1ccccc1
Dinitramine,-4.479,1,322.243,1,1,5,115.54000000000002,-5.47,CCN(CC)c1c(cc(c(N)c1N(=O)=O)C(F)(F)F)N(=O)=O,<rdkit.DataStructs.cDataStructs.ExplicitBitVect object at 0x000001C74D98D700>,322.243,2.9502000000000006,115.54000000000002,1.0,6.0,c1ccccc1
1-Heptanol,-1.751,1,116.204,1,0,5,20.23,-1.81,CCCCCCCO,<rdkit.DataStructs.cDataStructs.ExplicitBitVect object at 0x000001C74D98D7E0>,116.204,1.9491,20.23,1.0,1.0,
Theophylline,-1.452,1,180.167,1,2,0,72.68,-1.39,Cn1c(=O)n(C)c2nc[nH]c2c1=O,<rdkit.DataStructs.cDataStructs.ExplicitBitVect object at 0x000001C74D98D8C0>,180.16699999999997,-1.039700000000001,72.68,1.0,3.0,O=c1[nH]c(=O)c2[nH]cnc2[nH]1
Butethal,-1.974,1,212.249,2,1,4,75.27000000000001,-1.661,CCCCC1(CC)C(=O)NC(=O)NC1=O,<rdkit.DataStructs.cDataStructs.ExplicitBitVect object at 0x000001C74D98D9A0>,212.249,0.9389999999999998,75.27000000000001,2.0,3.0,O=C1CC(=O)NC(=O)N1
"P,P'-DDE",-6.553,1,318.0300000000001,0,2,2,0.0,-6.9,ClC(Cl)=C(c1ccc(Cl)cc1)c2ccc(Cl)cc2,<rdkit.DataStructs.cDataStructs.ExplicitBitVect object at 0x000001C74D98DA80>,318.0300000000001,6.187900000000003,0.0,0.0,0.0,C=C(c1ccccc1)c1ccccc1
Methyl octanoate,-2.608,1,158.241,0,0,6,26.3,-3.17,CCCCCCCC(=O)OC,<rdkit.DataStructs.cDataStructs.ExplicitBitVect object at 0x000001C74D98DB60>,158.24099999999999,2.5199000000000007,26.3,0.0,2.0,
"1,4-Diethylbenzene ",-3.633,1,134.22199999999998,0,1,2,0.0,-3.75,CCc1ccc(CC)cc1,<rdkit.DataStructs.cDataStructs.ExplicitBitVect object at 0x000001C74D98DC40>,134.22199999999998,2.811400000000001,0.0,0.0,0.0,c1ccccc1
Terbufos,-4.367,1,288.44,0,0,7,18.46,-4.755,CCOP(=S)(OCC)SCSC(C)(C)C,<rdkit.DataStructs.cDataStructs.ExplicitBitVect object at 0x000001C74D98DD20>,288.44,4.506300000000004,18.46,0.0,5.0,
Phenmedipham,-4.229,1,300.314,2,2,3,76.66,-4.805,COC(=O)Nc1cccc(OC(=O)Nc2cccc(C)c2)c1,<rdkit.DataStructs.cDataStructs.ExplicitBitVect object at 0x000001C74D98DE00>,300.314,3.784220000000002,76.66,2.0,4.0,O=C(Nc1ccccc1)Oc1ccccc1
"1,1-Dichloroethylene",-1.939,1,96.944,0,0,0,0.0,-1.64,ClC(=C)Cl,<rdkit.DataStructs.cDataStructs.ExplicitBitVect object at 0x000001C74D98DEE0>,96.94399999999999,1.9352,0.0,0.0,0.0,
1-Methylfluorene,-4.478,1,180.25000000000003,0,3,0,0.0,-5.22,Cc1cccc2c1Cc3ccccc32,<rdkit.DataStructs.cDataStructs.ExplicitBitVect object at 0x000001C74D98DFC0>,180.25000000000003,3.566220000000002,0.0,0.0,0.0,c1ccc2c(c1)Cc1ccccc1-2
Valeraldehyde,-1.103,1,86.13399999999999,0,0,3,17.07,-0.85,CCCCC=O,<rdkit.DataStructs.cDataStructs.ExplicitBitVect object at 0x000001C74D98E0A0>,86.13399999999999,1.3755,17.07,0.0,1.0,
Diphenylamine,-3.857,2,169.227,1,2,2,12.03,-3.504,N(c1ccccc1)c2ccccc2,<rdkit.DataStructs.cDataStructs.ExplicitBitVect object at 0x000001C74D98E180>,169.227,3.430200000000002,12.03,1.0,1.0,c1ccc(Nc2ccccc2)cc1
Fenothiocarb,-3.297,1,253.367,0,1,6,29.540000000000003,-3.927,CN(C)C(=O)SCCCCOc1ccccc1,<rdkit.DataStructs.cDataStructs.ExplicitBitVect object at 0x000001C74D98E260>,253.367,3.2604000000000024,29.540000000000003,0.0,3.0,c1ccccc1
Piperophos,-4.637,1,353.4900000000001,0,1,9,38.77,-4.15,CCCOP(=S)(OCCC)SCC(=O)N1CCCCC1C,<rdkit.DataStructs.cDataStructs.ExplicitBitVect object at 0x000001C74D98E340>,353.4900000000001,4.198300000000004,38.77,0.0,5.0,C1CCNCC1
1-Iodoheptane,-3.904,1,226.101,0,0,5,0.0,-4.81,CCCCCCCI,<rdkit.DataStructs.cDataStructs.ExplicitBitVect object at 0x000001C74D98E420>,226.101,3.3918000000000026,0.0,0.0,0.0,
3-Chlorobiphenyl,-4.685,1,188.657,0,2,1,0.0,-4.88,c1c(Cl)cccc1c2ccccc2,<rdkit.DataStructs.cDataStructs.ExplicitBitVect object at 0x000001C74D98E500>,188.657,4.007000000000002,0.0,0.0,0.0,c1ccc(-c2ccccc2)cc1
4-Pentene-1-ol,-0.7909999999999999,1,86.134,1,0,3,20.23,-0.15,OCCCC=C,<rdkit.DataStructs.cDataStructs.ExplicitBitVect object at 0x000001C74D98E5E0>,86.134,0.9449,20.23,1.0,1.0,
Cyclobutyl-5-spirobarbituric acid,-0.527,1,168.15200000000002,2,2,0,75.27,-1.655,O=C2NC(=O)C1(CCC1)C(=O)N2,<rdkit.DataStructs.cDataStructs.ExplicitBitVect object at 0x000001C74D98E6C0>,168.15200000000002,-0.4773,75.27,2.0,3.0,O=C1NC(=O)C2(CCC2)C(=O)N1
menthol,-2.782,1,156.269,1,1,1,20.23,-2.53,CC(C)C1CCC(C)CC1O ,<rdkit.DataStructs.cDataStructs.ExplicitBitVect object at 0x000001C74D98E7A0>,156.269,2.439500000000001,20.23,1.0,1.0,C1CCCCC1
Isopropyl formate,-0.684,1,88.106,0,0,2,26.3,-0.63,CC(C)OC=O,<rdkit.DataStructs.cDataStructs.ExplicitBitVect object at 0x000001C74D98E880>,88.106,0.5678,26.3,0.0,2.0,
2-Heptanol ,-1.6780000000000002,1,116.20399999999998,1,0,4,20.23,-1.55,CCCCCC(C)O,<rdkit.DataStructs.cDataStructs.ExplicitBitVect object at 0x000001C74D98E960>,116.20399999999998,1.9475000000000002,20.23,1.0,1.0,
p-Bromoacetanilide,-3.012,1,214.062,1,1,1,29.1,-3.083,CC(=O)Nc1ccc(Br)cc1,<rdkit.DataStructs.cDataStructs.ExplicitBitVect object at 0x000001C74D98EA40>,214.06199999999998,2.4074999999999998,29.1,1.0,1.0,c1ccccc1
brompyrazone,-3.005,1,266.098,1,2,1,60.91,-3.127,c1ccccc1n2ncc(N)c(Br)c2(=O),<rdkit.DataStructs.cDataStructs.ExplicitBitVect object at 0x000001C74D98EB20>,266.098,1.5771999999999997,60.910000000000004,1.0,3.0,O=c1cccnn1-c1ccccc1
nifedipine,-4.248,1,346.33900000000017,1,2,4,107.77,-4.76,COC(=O)C1=C(C)NC(=C(C1c2ccccc2N(=O)=O)C(=O)OC)C ,<rdkit.DataStructs.cDataStructs.ExplicitBitVect object at 0x000001C74D98EC00>,346.33900000000017,2.1756,107.77,1.0,7.0,C1=CC(c2ccccc2)C=CN1
"2,7-dimethylquinoline",-3.342,1,157.216,0,2,0,12.89,-1.94,c2c(C)cc1nc(C)ccc1c2 ,<rdkit.DataStructs.cDataStructs.ExplicitBitVect object at 0x000001C74D98ECE0>,157.216,2.8516400000000006,12.89,0.0,1.0,c1ccc2ncccc2c1
1-Octyne ,-2.509,1,110.2,0,0,4,0.0,-3.66,CCCCCCC#C,<rdkit.DataStructs.cDataStructs.ExplicitBitVect object at 0x000001C74D98EDC0>,110.19999999999999,2.5900000000000007,0.0,0.0,0.0,
cyclobarbital,-2.421,1,236.27099999999996,2,2,2,75.27000000000001,-2.17,CCC1(C(=O)NC(=O)NC1=O)C2=CCCCC2 ,<rdkit.DataStructs.cDataStructs.ExplicitBitVect object at 0x000001C74D98EEA0>,236.27099999999993,1.2491999999999999,75.27000000000001,2.0,3.0,O=C1NC(=O)C(C2=CCCCC2)C(=O)N1
Chrysene,-5.568,2,228.294,0,4,0,0.0,-8.057,c1ccc2c(c1)ccc3c4ccccc4ccc23,<rdkit.DataStructs.cDataStructs.ExplicitBitVect object at 0x000001C74D98EF80>,228.29399999999998,5.146200000000003,0.0,0.0,0.0,c1ccc2c(c1)ccc1c3ccccc3ccc21
Bromacil,-3.419,1,261.119,1,1,2,54.86,-2.523,CCC(C)n1c(=O)[nH]c(C)c(Br)c1=O ,<rdkit.DataStructs.cDataStructs.ExplicitBitVect object at 0x000001C74D98F060>,261.11899999999997,1.5785200000000001,54.86,1.0,2.0,O=c1cc[nH]c(=O)[nH]1
"2,2',3,3',5,6-PCB",-7.185,1,360.88200000000006,0,2,1,0.0,-8.6,Clc1cccc(c1Cl)c2c(Cl)c(Cl)cc(Cl)c2Cl ,<rdkit.DataStructs.cDataStructs.ExplicitBitVect object at 0x000001C74D98F0D0>,360.88200000000006,7.274000000000001,0.0,0.0,0.0,c1ccc(-c2ccccc2)cc1
2-Methylphenol,-2.281,1,108.14,1,1,0,20.23,-0.62,Cc1ccccc1O,<rdkit.DataStructs.cDataStructs.ExplicitBitVect object at 0x000001C74D98EF10>,108.13999999999999,1.70062,20.23,1.0,1.0,c1ccccc1
"2,2,5-Trimethylhexane",-3.631,1,128.259,0,0,2,0.0,-5.05,CC(C)CCC(C)(C)C,<rdkit.DataStructs.cDataStructs.ExplicitBitVect object at 0x000001C74D98EE30>,128.259,3.468700000000003,0.0,0.0,0.0,
"1,4-Dimethylnaphthalene ",-4.147,1,156.228,0,2,0,0.0,-4.14,Cc1ccc(C)c2ccccc12,<rdkit.DataStructs.cDataStructs.ExplicitBitVect object at 0x000001C74D98ED50>,156.228,3.456640000000002,0.0,0.0,0.0,c1ccc2ccccc2c1
6-Methylchrysene,-5.931,1,242.321,0,4,0,0.0,-6.57,Cc1cc2c3ccccc3ccc2c4ccccc14,<rdkit.DataStructs.cDataStructs.ExplicitBitVect object at 0x000001C74D98EC70>,242.321,5.454620000000004,0.0,0.0,0.0,c1ccc2c(c1)ccc1c3ccccc3ccc21
2-Pentanone,-0.846,1,86.13399999999999,0,0,2,17.07,-0.19,CCCC(=O)C,<rdkit.DataStructs.cDataStructs.ExplicitBitVect object at 0x000001C74D98EB90>,86.13399999999999,1.3755,17.07,0.0,1.0,
"2,2',3,3',5,5',6,6'-PCB",-8.304,1,429.77200000000016,0,2,1,0.0,-9.15,Clc1cc(Cl)c(Cl)c(c1Cl)c2c(Cl)c(Cl)cc(Cl)c2Cl ,<rdkit.DataStructs.cDataStructs.ExplicitBitVect object at 0x000001C74D98EAB0>,429.77200000000016,8.580799999999998,0.0,0.0,0.0,c1ccc(-c2ccccc2)cc1
Methyl butyrate,-1.545,1,116.15999999999998,0,0,3,26.3,-0.82,CCCOC(=O)CC,<rdkit.DataStructs.cDataStructs.ExplicitBitVect object at 0x000001C74D98E9D0>,116.15999999999998,1.3496000000000001,26.3,0.0,2.0,
Triamcinolone,-2.734,1,394.43900000000014,4,4,2,115.06000000000002,-3.68,CC34CC(O)C1(F)C(CCC2=CC(=O)C=CC12C)C3CC(O)C4(O)C(=O)CO,<rdkit.DataStructs.cDataStructs.ExplicitBitVect object at 0x000001C74D98E8F0>,394.43900000000014,0.6204999999999998,115.06000000000002,4.0,6.0,O=C1C=CC2C(=C1)CCC1C3CCCC3CCC21
p-Aminophenol,-1.231,1,109.128,2,1,0,46.25,-0.8,Nc1ccc(O)cc1,<rdkit.DataStructs.cDataStructs.ExplicitBitVect object at 0x000001C74D98E810>,109.12799999999999,0.9743999999999999,46.25,2.0,2.0,c1ccccc1
Benznidazole,-2.321,1,260.253,1,2,5,90.06,-2.81,O=C(Cn1ccnc1N(=O)=O)NCc2ccccc2,<rdkit.DataStructs.cDataStructs.ExplicitBitVect object at 0x000001C74D98E730>,260.253,1.1077,90.06,1.0,4.0,O=C(Cn1ccnc1)NCc1ccccc1
"Atovaquone(0,430mg/ml) - neutral",-6.269,1,366.84400000000016,1,4,2,54.37,-5.931,OC4=C(C1CCC(CC1)c2ccc(Cl)cc2)C(=O)c3ccccc3C4=O,<rdkit.DataStructs.cDataStructs.ExplicitBitVect object at 0x000001C74D98E650>,366.84400000000016,5.505100000000005,54.37,1.0,3.0,O=C1C=C(C2CCC(c3ccccc3)CC2)C(=O)c2ccccc21
Trietazine,-3.233,1,229.715,1,1,5,53.940000000000005,-4.06,CCNc1nc(Cl)nc(n1)N(CC)CC,<rdkit.DataStructs.cDataStructs.ExplicitBitVect object at 0x000001C74D98E570>,229.71499999999997,1.803,53.940000000000005,1.0,5.0,c1ncncn1
Pyrazinamide,-0.674,1,123.11499999999998,1,1,1,68.87,-0.667,NC(=O)c1cnccn1,<rdkit.DataStructs.cDataStructs.ExplicitBitVect object at 0x000001C74D98E490>,123.11499999999998,-0.4245000000000001,68.87,1.0,3.0,c1cnccn1
Carbromal,-2.198,1,237.097,2,0,3,72.19,-2.68,CCC(Br)(CC)C(=O)NC(N)=O,<rdkit.DataStructs.cDataStructs.ExplicitBitVect object at 0x000001C74D98E3B0>,237.09699999999998,1.1349999999999998,72.19,2.0,2.0,
"2,2'-PCB",-4.984,1,223.102,0,2,1,0.0,-5.27,Clc1ccccc1c2ccccc2Cl ,<rdkit.DataStructs.cDataStructs.ExplicitBitVect object at 0x000001C74D98E2D0>,223.102,4.660400000000002,0.0,0.0,0.0,c1ccc(-c2ccccc2)cc1
nitrofurantoin,-1.243,1,238.159,1,2,3,118.04999999999998,-3.38,O=C2CN(N=Cc1ccc(o1)N(=O)=O)C(=O)N2 ,<rdkit.DataStructs.cDataStructs.ExplicitBitVect object at 0x000001C74D98E1F0>,238.15899999999996,0.07349999999999995,118.04999999999998,1.0,6.0,O=C1CN(N=Cc2ccco2)C(=O)N1
Nitrofen,-5.361000000000001,1,284.098,0,2,3,52.37,-5.46,Clc2ccc(Oc1ccc(cc1)N(=O)=O)c(Cl)c2,<rdkit.DataStructs.cDataStructs.ExplicitBitVect object at 0x000001C74D98E110>,284.09799999999996,4.693900000000003,52.37,0.0,3.0,c1ccc(Oc2ccccc2)cc1
Camphor,-2.158,1,152.237,0,2,0,17.07,-1.96,CC1(C)C2CCC1(C)C(=O)C2,<rdkit.DataStructs.cDataStructs.ExplicitBitVect object at 0x000001C74D98E030>,152.237,2.401700000000001,17.07,0.0,1.0,O=C1CC2CCC1C2
5-Allyl-5-phenylbarbital,-2.36,1,244.25,2,2,3,75.27000000000001,-2.369,O=C1NC(=O)NC(=O)C1(CC=C)c1ccccc1,<rdkit.DataStructs.cDataStructs.ExplicitBitVect object at 0x000001C74D98DF50>,244.25,0.8664999999999998,75.27000000000001,2.0,3.0,O=C1NC(=O)C(c2ccccc2)C(=O)N1
Pentyl propanoate,-1.899,1,130.18699999999998,0,0,4,26.3,-2.25,CCCCC(=O)OCC,<rdkit.DataStructs.cDataStructs.ExplicitBitVect object at 0x000001C74D98DE70>,130.18699999999998,1.7397,26.3,0.0,2.0,
Isopentyl acetate,-1.817,1,130.18699999999998,0,0,3,26.3,-1.92,CC(C)CCOC(=O)C,<rdkit.DataStructs.cDataStructs.ExplicitBitVect object at 0x000001C74D98DD90>,130.18699999999998,1.5956000000000001,26.3,0.0,2.0,
3-Hexanoyloxymethylphenyltoin,-4.1530000000000005,1,380.444,1,3,8,75.71,-5.886,O=C1N(COC(=O)CCCCC)C(=O)C(N1)(c2ccccc2)c3ccccc3,<rdkit.DataStructs.cDataStructs.ExplicitBitVect object at 0x000001C74D98DCB0>,380.444,3.5630000000000024,75.71,1.0,4.0,O=C1NC(=O)C(c2ccccc2)(c2ccccc2)N1
"2,3',5-PCB",-5.7620000000000005,1,257.547,0,2,1,0.0,-6.01,Clc1cccc(c1)c2cc(Cl)ccc2Cl ,<rdkit.DataStructs.cDataStructs.ExplicitBitVect object at 0x000001C74D98DBD0>,257.547,5.313800000000001,0.0,0.0,0.0,c1ccc(-c2ccccc2)cc1
1-Bromopropane,-1.949,1,122.993,0,0,1,0.0,-1.73,CCCBr,<rdkit.DataStructs.cDataStructs.ExplicitBitVect object at 0x000001C74D98DAF0>,122.993,1.7913000000000001,0.0,0.0,0.0,
Propiconazole,-4.603,1,342.2260000000001,0,3,5,49.17,-3.4930000000000003,CCCC1COC(Cn2cncn2)(O1)c3ccc(Cl)cc3Cl,<rdkit.DataStructs.cDataStructs.ExplicitBitVect object at 0x000001C74D98DA10>,342.2260000000001,3.653400000000003,49.17,0.0,4.0,c1ccc(C2(Cn3cncn3)OCCO2)cc1
Formothion,-2.087,1,257.273,0,0,6,55.84,-1.995,COP(=S)(OC)SCC(=O)N(C)C=O,<rdkit.DataStructs.cDataStructs.ExplicitBitVect object at 0x000001C74D98D930>,257.27299999999997,0.8516999999999999,55.84,0.0,6.0,
4-methylpteridine,-1.24,1,146.15299999999996,0,2,0,51.56,-0.466,Cc1ncnc2nccnc12,<rdkit.DataStructs.cDataStructs.ExplicitBitVect object at 0x000001C74D98D850>,146.15299999999996,0.7282199999999999,51.56,0.0,4.0,c1cnc2ncncc2n1
Thiourea,0.3289999999999999,1,76.12400000000001,2,0,0,52.04,0.32,NC(=S)N,<rdkit.DataStructs.cDataStructs.ExplicitBitVect object at 0x000001C74D98D770>,76.12400000000001,-0.8113000000000001,52.04,2.0,1.0,
p-Xylene ,-3.035,1,106.168,0,1,0,0.0,-2.77,Cc1ccc(C)cc1,<rdkit.DataStructs.cDataStructs.ExplicitBitVect object at 0x000001C74D98D690>,106.16799999999999,2.30344,0.0,0.0,0.0,c1ccccc1
"1,2-Diethylbenzene",-3.6010000000000004,1,134.22199999999998,0,1,2,0.0,-3.28,CCc1ccccc1CC,<rdkit.DataStructs.cDataStructs.ExplicitBitVect object at 0x000001C74D98D5B0>,134.22199999999998,2.811400000000001,0.0,0.0,0.0,c1ccccc1
Hexachloroethane,-4.215,1,236.74,0,0,0,0.0,-3.67,ClC(Cl)(Cl)C(Cl)(Cl)Cl,<rdkit.DataStructs.cDataStructs.ExplicitBitVect object at 0x000001C74D98D4D0>,236.74,3.7268,0.0,0.0,0.0,
Flucythrinate,-6.877999999999999,1,451.4690000000001,0,3,9,68.55000000000001,-6.876,CC(C)C(C(=O)OC(C#N)c1cccc(Oc2ccccc2)c1)c3ccc(OC(F)F)cc3,<rdkit.DataStructs.cDataStructs.ExplicitBitVect object at 0x000001C74D98D3F0>,451.46900000000005,6.627980000000005,68.55000000000001,0.0,5.0,O=C(Cc1ccccc1)OCc1cccc(Oc2ccccc2)c1
1-Nitropropane,-0.816,1,89.09399999999998,0,0,2,43.14,-0.8,CCCN(=O)=O,<rdkit.DataStructs.cDataStructs.ExplicitBitVect object at 0x000001C74D98D310>,89.09399999999998,0.6731,43.14,0.0,2.0,
Menthone,-2.516,1,154.253,0,1,1,17.07,-2.35,CC(C)C1CCC(C)CC1=O,<rdkit.DataStructs.cDataStructs.ExplicitBitVect object at 0x000001C74D98D230>,154.253,2.6477000000000013,17.07,0.0,1.0,O=C1CCCCC1
RTI 24,-4.423,1,273.723,1,3,1,45.23,-5.36,CCN2c1cc(Cl)ccc1NC(=O)c3cccnc23 ,<rdkit.DataStructs.cDataStructs.ExplicitBitVect object at 0x000001C74D98D150>,273.723,3.458700000000001,45.230000000000004,1.0,3.0,O=C1Nc2ccccc2Nc2ncccc21
"2,3-Dichloronitrobenzene",-3.322,1,192.00100000000003,0,1,1,43.14,-3.48,O=N(=O)c1c(Cl)c(Cl)ccc1,<rdkit.DataStructs.cDataStructs.ExplicitBitVect object at 0x000001C74D98CF90>,192.00100000000003,2.901600000000001,43.14,0.0,2.0,c1ccccc1
thiamylal,-3.063,1,254.355,2,1,5,58.2,-3.46,CCCC(C)C1(CC=C)C(=O)NC(=S)NC1=O ,<rdkit.DataStructs.cDataStructs.ExplicitBitVect object at 0x000001C74D98CEB0>,254.35500000000002,1.5159999999999998,58.2,2.0,3.0,O=C1CC(=O)NC(=S)N1
Fluoranthene,-4.957,2,202.256,0,4,0,0.0,-6.0,c1ccc2c(c1)c3cccc4cccc2c34,<rdkit.DataStructs.cDataStructs.ExplicitBitVect object at 0x000001C74D98CDD0>,202.25599999999997,4.487200000000002,0.0,0.0,0.0,c1ccc2c(c1)-c1cccc3cccc-2c13
Propylisopropylether,-1.354,1,102.17699999999998,0,0,3,9.23,-1.34,CCCOC(C)C,<rdkit.DataStructs.cDataStructs.ExplicitBitVect object at 0x000001C74D98CCF0>,102.17699999999998,1.8214000000000001,9.23,0.0,1.0,
"1,3-Dimethylnaphthalene",-4.147,1,156.22799999999998,0,2,0,0.0,-4.29,Cc1cc(C)c2ccccc2c1,<rdkit.DataStructs.cDataStructs.ExplicitBitVect object at 0x000001C74D98CC10>,156.22799999999998,3.456640000000002,0.0,0.0,0.0,c1ccc2ccccc2c1
diethylstilbestrol,-5.074,1,268.356,2,2,4,40.46,-4.07,CCC(=C(CC)c1ccc(O)cc1)c2ccc(O)cc2 ,<rdkit.DataStructs.cDataStructs.ExplicitBitVect object at 0x000001C74D98CB30>,268.356,4.828600000000005,40.46,2.0,2.0,C(=Cc1ccccc1)c1ccccc1
Chlorothalonil,-3.995,1,265.914,0,1,0,47.58,-5.64,c1(C#N)c(Cl)c(C#N)c(Cl)c(Cl)c(Cl)1,<rdkit.DataStructs.cDataStructs.ExplicitBitVect object at 0x000001C74D98CA50>,265.914,4.043559999999999,47.58,0.0,2.0,c1ccccc1
"2,3',4',5-PCB",-6.312,1,291.992,0,2,1,0.0,-7.25,Clc1ccc(Cl)c(c1)c2ccc(Cl)c(Cl)c2,<rdkit.DataStructs.cDataStructs.ExplicitBitVect object at 0x000001C74D98C970>,291.992,5.967200000000002,0.0,0.0,0.0,c1ccc(-c2ccccc2)cc1
styrene oxide,-1.826,2,120.15099999999995,0,2,1,12.53,-1.6,C1OC1c2ccccc2 ,<rdkit.DataStructs.cDataStructs.ExplicitBitVect object at 0x000001C74D98C890>,120.15099999999995,1.7579,12.53,0.0,1.0,c1ccc(C2CO2)cc1
Isopropylbenzene ,-3.265,1,120.19499999999996,0,1,1,0.0,-3.27,CC(C)c1ccccc1,<rdkit.DataStructs.cDataStructs.ExplicitBitVect object at 0x000001C74D98C7B0>,120.19499999999995,2.8100000000000014,0.0,0.0,0.0,c1ccccc1
Deoxycorticosterone,-3.939,1,330.4680000000001,1,4,2,54.370000000000005,-3.45,CC12CCC3C(CCC4=CC(=O)CCC34C)C2CCC1C(=O)CO,<rdkit.DataStructs.cDataStructs.ExplicitBitVect object at 0x000001C74D98C6D0>,330.4680000000001,3.695900000000003,54.370000000000005,1.0,3.0,O=C1C=C2CCC3C4CCCC4CCC3C2CC1
chlorquinox,-4.438,1,267.93,0,2,0,25.78,-5.43,c2(Cl)c(Cl)c(Cl)c1nccnc1c2(Cl) ,<rdkit.DataStructs.cDataStructs.ExplicitBitVect object at 0x000001C74D98C5F0>,267.93,4.2434,25.78,0.0,2.0,c1ccc2nccnc2c1
L-arabinose,0.601,1,150.13,4,1,0,90.15,0.39,C1OC(O)C(O)C(O)C1O,<rdkit.DataStructs.cDataStructs.ExplicitBitVect object at 0x000001C74D98C510>,150.13,-2.5823000000000005,90.15,4.0,5.0,C1CCOCC1
Dichloromethane,-1.156,1,84.93299999999999,0,0,0,0.0,-0.63,ClCCl,<rdkit.DataStructs.cDataStructs.ExplicitBitVect object at 0x000001C74D98C430>,84.93299999999999,1.4215,0.0,0.0,0.0,
1-Ethylnaphthalene ,-4.1,1,156.22799999999998,0,2,1,0.0,-4.17,CCc1cccc2ccccc12,<rdkit.DataStructs.cDataStructs.ExplicitBitVect object at 0x000001C74D98C350>,156.22799999999998,3.4022000000000023,0.0,0.0,0.0,c1ccc2ccccc2c1
Methyl formate,-0.048,1,60.05200000000001,0,0,1,26.3,0.58,COC=O,<rdkit.DataStructs.cDataStructs.ExplicitBitVect object at 0x000001C74D98C270>,60.05200000000001,-0.2108000000000001,26.3,0.0,2.0,
o-Nitrophenol,-2.318,1,139.11,1,1,1,63.37,-1.74,Oc1ccccc1N(=O)=O,<rdkit.DataStructs.cDataStructs.ExplicitBitVect object at 0x000001C74D98C190>,139.10999999999999,1.3004000000000002,63.37,1.0,3.0,c1ccccc1
thymine,-0.78,1,126.115,2,1,0,65.72,-1.506,Cc1c[nH]c(=O)[nH]c1=O ,<rdkit.DataStructs.cDataStructs.ExplicitBitVect object at 0x000001C74D98C0B0>,126.115,-0.6283800000000002,65.72,2.0,2.0,O=c1cc[nH]c(=O)[nH]1
2-Methylpropane,-1.891,1,58.124,0,0,0,0.0,-2.55,CC(C)C,<rdkit.DataStructs.cDataStructs.ExplicitBitVect object at 0x000001C74D53BED0>,58.123999999999995,1.6622999999999999,0.0,0.0,0.0,
Inosine,-0.8340000000000001,1,268.22900000000004,4,3,2,133.75,-1.23,OCC1OC(C(O)C1O)n2cnc3c(O)ncnc23,<rdkit.DataStructs.cDataStructs.ExplicitBitVect object at 0x000001C74D53BDF0>,268.22900000000004,-1.8566000000000003,133.75,4.0,8.0,c1ncc2ncn(C3CCCO3)c2n1
Ioxynil,-4.615,1,370.915,1,1,0,44.02,-3.61,Oc1c(I)cc(C#N)cc1I,<rdkit.DataStructs.cDataStructs.ExplicitBitVect object at 0x000001C74D53BD10>,370.91499999999996,2.4730799999999995,44.019999999999996,1.0,2.0,c1ccccc1
Niclosamide,-5.032,1,327.1230000000001,2,2,3,92.47,-4.7,Oc1ccc(Cl)cc1C(=O)Nc2ccc(cc2Cl)N(=O)=O,<rdkit.DataStructs.cDataStructs.ExplicitBitVect object at 0x000001C74D53BC30>,327.1230000000001,3.8595000000000006,92.47,2.0,4.0,O=C(Nc1ccccc1)c1ccccc1
Pentane,-2.261,1,72.151,0,0,2,0.0,-3.18,CCCCC,<rdkit.DataStructs.cDataStructs.ExplicitBitVect object at 0x000001C74D53BB50>,72.151,2.1965000000000003,0.0,0.0,0.0,
Phenol,-1.991,1,94.113,1,1,0,20.23,0.0,c1ccccc1O,<rdkit.DataStructs.cDataStructs.ExplicitBitVect object at 0x000001C74D53BA70>,94.11299999999999,1.3922,20.23,1.0,1.0,c1ccccc1
2-aminoanthracene,-3.789,1,193.249,1,3,0,26.02,-5.17,Nc3ccc2cc1ccccc1cc2c3 ,<rdkit.DataStructs.cDataStructs.ExplicitBitVect object at 0x000001C74D53B990>,193.249,3.5752000000000015,26.02,1.0,1.0,c1ccc2cc3ccccc3cc2c1
theobromine,-1.05,1,180.167,1,2,0,72.68,-2.523,Cn1cnc2n(C)c(=O)[nH]c(=O)c12 ,<rdkit.DataStructs.cDataStructs.ExplicitBitVect object at 0x000001C74D53B8B0>,180.16699999999997,-1.0397,72.68,1.0,3.0,O=c1[nH]c(=O)c2[nH]cnc2[nH]1
Isoquinoline,-2.531,2,129.16199999999998,0,2,0,12.89,-1.45,c1ccc2cnccc2c1,<rdkit.DataStructs.cDataStructs.ExplicitBitVect object at 0x000001C74D53B7D0>,129.16199999999998,2.2348,12.89,0.0,1.0,c1ccc2cnccc2c1
Anilofos,-5.106,1,367.86,0,1,7,38.77,-4.432,COP(=S)(OC)SCC(=O)N(C(C)C)c1ccc(Cl)cc1,<rdkit.DataStructs.cDataStructs.ExplicitBitVect object at 0x000001C74D53B6F0>,367.86,4.331900000000004,38.77,0.0,5.0,c1ccccc1
Hexylbenzene ,-4.22,1,162.276,0,1,5,0.0,-5.21,CCCCCCc1ccccc1,<rdkit.DataStructs.cDataStructs.ExplicitBitVect object at 0x000001C74D53B610>,162.276,3.809400000000003,0.0,0.0,0.0,c1ccccc1
2-Chlorobiphenyl,-4.5280000000000005,1,188.657,0,2,1,0.0,-4.54,Clc1ccccc1c2ccccc2,<rdkit.DataStructs.cDataStructs.ExplicitBitVect object at 0x000001C74D53B530>,188.657,4.007000000000002,0.0,0.0,0.0,c1ccc(-c2ccccc2)cc1
2-Methyl-1-Pentene,-2.3480000000000003,1,84.16199999999999,0,0,2,0.0,-3.03,CCCC(=C)C,<rdkit.DataStructs.cDataStructs.ExplicitBitVect object at 0x000001C74D53B450>,84.16199999999999,2.3626000000000005,0.0,0.0,0.0,
"2,3,4-Trimethylpentane",-3.276,1,114.232,0,0,2,0.0,-4.8,CC(C)C(C)C(C)C,<rdkit.DataStructs.cDataStructs.ExplicitBitVect object at 0x000001C74D53B370>,114.23199999999999,2.9345000000000017,0.0,0.0,0.0,
Pentachlorobenzene,-5.167999999999999,1,250.339,0,1,0,0.0,-5.65,Clc1cc(Cl)c(Cl)c(Cl)c1Cl,<rdkit.DataStructs.cDataStructs.ExplicitBitVect object at 0x000001C74D53B290>,250.339,4.9536,0.0,0.0,0.0,c1ccccc1
m-Nitrophenol,-2.318,1,139.11,1,1,1,63.37,-1.01,Oc1cccc(c1)N(=O)=O,<rdkit.DataStructs.cDataStructs.ExplicitBitVect object at 0x000001C74D53B1B0>,139.10999999999999,1.3003999999999998,63.37,1.0,3.0,c1ccccc1
1-Decene,-3.781,1,140.26999999999998,0,0,7,0.0,-5.51,CCCCCCCCC=C,<rdkit.DataStructs.cDataStructs.ExplicitBitVect object at 0x000001C74D53B0D0>,140.26999999999998,3.9230000000000036,0.0,0.0,0.0,
Glyceryl triacetate,-1.285,1,218.205,0,0,5,78.9,-0.6,CC(=O)OCC(COC(=O)C)OC(=O)C,<rdkit.DataStructs.cDataStructs.ExplicitBitVect object at 0x000001C74D53AFF0>,218.20499999999998,0.044299999999999784,78.9,0.0,6.0,
dimethirimol,-3.57,1,209.293,1,1,4,49.25000000000001,-2.24,CCCCc1c(C)nc(nc1O)N(C)C ,<rdkit.DataStructs.cDataStructs.ExplicitBitVect object at 0x000001C74D53AF10>,209.29299999999998,1.89922,49.25000000000001,1.0,4.0,c1cncnc1
Cyfluthrin,-6.84,1,434.29400000000015,0,3,6,59.32000000000001,-7.337000000000001,CC1(C)C(C=C(Cl)Cl)C1C(=O)OC(C#N)c2ccc(F)c(Oc3ccccc3)c2,<rdkit.DataStructs.cDataStructs.ExplicitBitVect object at 0x000001C74D53AE30>,434.29400000000015,6.317080000000003,59.32000000000001,0.0,4.0,O=C(OCc1cccc(Oc2ccccc2)c1)C1CC1
Pyridine,-1.481,2,79.10199999999998,0,1,0,12.89,0.76,c1ccncc1,<rdkit.DataStructs.cDataStructs.ExplicitBitVect object at 0x000001C74D53AD50>,79.10199999999998,1.0816,12.89,0.0,1.0,c1ccncc1
1-Bromoheptane,-3.366,1,179.101,0,0,5,0.0,-4.43,CCCCCCCBr,<rdkit.DataStructs.cDataStructs.ExplicitBitVect object at 0x000001C74D53A9D0>,179.101,3.351700000000002,0.0,0.0,0.0,
"3,4-Dimethylpyridine",-2.067,1,107.156,0,1,0,12.89,0.36,Cc1ccncc1C,<rdkit.DataStructs.cDataStructs.ExplicitBitVect object at 0x000001C74D53A880>,107.15599999999999,1.69844,12.89,0.0,1.0,c1ccncc1
Fludrocortisone,-3.172,1,380.4560000000001,3,4,2,94.83,-3.43,CC34CC(O)C1(F)C(CCC2=CC(=O)CCC12C)C3CCC4(O)C(=O)CO ,<rdkit.DataStructs.cDataStructs.ExplicitBitVect object at 0x000001C74D53A7A0>,380.45600000000013,1.8737,94.83,3.0,5.0,O=C1C=C2CCC3C4CCCC4CCC3C2CC1
ethiofencarb,-2.855,1,225.313,1,1,4,38.33,-2.09,CCSCc1ccccc1OC(=O)NC ,<rdkit.DataStructs.cDataStructs.ExplicitBitVect object at 0x000001C74D53A570>,225.313,2.6579000000000006,38.33,1.0,3.0,c1ccccc1
Malonic acid diethylester,-1.413,1,160.16899999999998,0,0,4,52.60000000000001,-0.82,CCOC(=O)CC(=O)OCC,<rdkit.DataStructs.cDataStructs.ExplicitBitVect object at 0x000001C74D53A490>,160.16899999999998,0.5027,52.60000000000001,0.0,4.0,
d-Limonene,-3.429,1,136.238,0,1,1,0.0,-4.26,CC1=CCC(CC1)C(C)=C,<rdkit.DataStructs.cDataStructs.ExplicitBitVect object at 0x000001C74D53A3B0>,136.238,3.308900000000002,0.0,0.0,0.0,C1=CCCCC1
Indan,-3.057,2,118.17899999999996,0,2,0,0.0,-3.04,C1Cc2ccccc2C1,<rdkit.DataStructs.cDataStructs.ExplicitBitVect object at 0x000001C74D53A260>,118.17899999999997,2.1753,0.0,0.0,0.0,c1ccc2c(c1)CCC2
p-t-Butylphenol,-3.192,1,150.22099999999998,1,1,0,20.23,-2.41,CC(C)(C)c1ccc(O)cc1,<rdkit.DataStructs.cDataStructs.ExplicitBitVect object at 0x000001C74D539B60>,150.22099999999998,2.689700000000001,20.23,1.0,1.0,c1ccccc1
Cyclopropyl-5-spirobarbituric acid,-0.088,1,154.125,2,2,0,75.27,-1.886,O=C2NC(=O)C1(CC1)C(=O)N2 ,<rdkit.DataStructs.cDataStructs.ExplicitBitVect object at 0x000001C74D539BD0>,154.125,-0.8674000000000002,75.27,2.0,3.0,O=C1NC(=O)C2(CC2)C(=O)N1
m-Chloroiodobenzene,-4.384,1,238.455,0,1,0,0.0,-3.55,Clc1cccc(I)c1,<rdkit.DataStructs.cDataStructs.ExplicitBitVect object at 0x000001C74D539460>,238.45499999999998,2.9446000000000003,0.0,0.0,0.0,c1ccccc1
1-Bromonapthalene,-4.434,1,207.07,0,2,0,0.0,-4.35,Brc1cccc2ccccc12,<rdkit.DataStructs.cDataStructs.ExplicitBitVect object at 0x000001C74D539540>,207.07,3.6023000000000014,0.0,0.0,0.0,c1ccc2ccccc2c1
trans-2-Pentene ,-2.076,1,70.135,0,0,1,0.0,-2.54,CC/C=C/C,<rdkit.DataStructs.cDataStructs.ExplicitBitVect object at 0x000001C74D539380>,70.135,1.9725,0.0,0.0,0.0,
"2,6-Dimethylpyridine",-2.0980000000000003,1,107.156,0,1,0,12.89,0.45,Cc1cccc(C)n1,<rdkit.DataStructs.cDataStructs.ExplicitBitVect object at 0x000001C74D539D20>,107.156,1.69844,12.89,0.0,1.0,c1ccncc1
Trichloroethylene,-2.312,1,131.389,0,0,0,0.0,-1.96,ClC=C(Cl)Cl,<rdkit.DataStructs.cDataStructs.ExplicitBitVect object at 0x000001C74D539CB0>,131.389,2.5017000000000005,0.0,0.0,0.0,
1-Napthylamine,-2.721,1,143.189,1,2,0,26.02,-1.92,Nc1cccc2ccccc12,<rdkit.DataStructs.cDataStructs.ExplicitBitVect object at 0x000001C74D539310>,143.189,2.4220000000000006,26.02,1.0,1.0,c1ccc2ccccc2c1
m-Xylene ,-3.035,1,106.168,0,1,0,0.0,-2.82,Cc1cccc(C)c1,<rdkit.DataStructs.cDataStructs.ExplicitBitVect object at 0x000001C74D5393F0>,106.16799999999999,2.30344,0.0,0.0,0.0,c1ccccc1
2-hydroxypteridine,-1.404,1,148.125,1,2,0,71.79,-1.947,Oc2ncc1nccnc1n2,<rdkit.DataStructs.cDataStructs.ExplicitBitVect object at 0x000001C74D539770>,148.125,0.1253999999999998,71.79,1.0,5.0,c1cnc2ncncc2n1
Methanol,0.441,1,32.042,1,0,0,20.23,1.57,CO,<rdkit.DataStructs.cDataStructs.ExplicitBitVect object at 0x000001C74D539620>,32.042,-0.3915,20.23,1.0,1.0,
Amobarbital,-2.312,1,226.276,2,1,4,75.27000000000001,-2.468,CCC1(CCC(C)C)C(=O)NC(=O)NC1=O,<rdkit.DataStructs.cDataStructs.ExplicitBitVect object at 0x000001C74D539690>,226.27599999999998,1.1849999999999998,75.27000000000001,2.0,3.0,O=C1CC(=O)NC(=O)N1
2-Butanone,-0.491,1,72.107,0,0,1,17.07,0.52,CCC(=O)C,<rdkit.DataStructs.cDataStructs.ExplicitBitVect object at 0x000001C74D5397E0>,72.107,0.9854,17.07,0.0,1.0,
5-fluorouracil,-0.792,1,130.078,2,1,0,65.72,-1.077,Fc1c[nH]c(=O)[nH]c1=O ,<rdkit.DataStructs.cDataStructs.ExplicitBitVect object at 0x000001C74D539850>,130.078,-0.7977000000000001,65.72,2.0,2.0,O=c1cc[nH]c(=O)[nH]1
tubercidin,-0.892,1,266.257,4,3,2,126.65,-1.95,Nc1ncnc2n(ccc12)C3OC(CO)C(O)C3O ,<rdkit.DataStructs.cDataStructs.ExplicitBitVect object at 0x000001C74D539930>,266.257,-1.3750000000000007,126.65,4.0,7.0,c1ncc2ccn(C3CCCO3)c2n1
"1,3-Benzenediol",-1.59,1,110.11199999999998,2,1,0,40.46,0.81,Oc1cccc(O)c1,<rdkit.DataStructs.cDataStructs.ExplicitBitVect object at 0x000001C74D5398C0>,110.11199999999998,1.0977999999999999,40.46,2.0,2.0,c1ccccc1
1-Hexanol,-1.3969999999999998,1,102.177,1,0,4,20.23,-1.24,CCCCCCO,<rdkit.DataStructs.cDataStructs.ExplicitBitVect object at 0x000001C74D5399A0>,102.17699999999999,1.559,20.23,1.0,1.0,
1-Chloropentane,-2.294,1,106.596,0,0,3,0.0,-2.73,CCCCCCl,<rdkit.DataStructs.cDataStructs.ExplicitBitVect object at 0x000001C74D539C40>,106.596,2.415400000000001,0.0,0.0,0.0,
"1,3-Butadiene",-1.376,1,54.09199999999999,0,0,1,0.0,-1.87,C=CC=C,<rdkit.DataStructs.cDataStructs.ExplicitBitVect object at 0x000001C74D53A030>,54.09199999999999,1.3584,0.0,0.0,0.0,
Propyl acetate,-1.125,1,102.13299999999998,0,0,2,26.3,-0.72,CCCOC(=O)C,<rdkit.DataStructs.cDataStructs.ExplicitBitVect object at 0x000001C74D539FC0>,102.13299999999998,0.9595,26.3,0.0,2.0,
"5,6,7,8-tetrahydro-2-naphthol",-3.0860000000000003,1,148.205,1,2,0,20.23,-1.99,Oc2ccc1CCCCc1c2 ,<rdkit.DataStructs.cDataStructs.ExplicitBitVect object at 0x000001C74D539A10>,148.205,2.271,20.23,1.0,1.0,c1ccc2c(c1)CCCC2
chloroacetamide,-0.106,1,93.513,1,0,1,43.09,-0.02,NC(=O)CCl ,<rdkit.DataStructs.cDataStructs.ExplicitBitVect object at 0x000001C74D53A0A0>,93.513,-0.2895000000000001,43.09,1.0,1.0,
Iodofenphos,-6.148,1,413.0,0,1,4,27.69,-6.62,COP(=S)(OC)Oc1cc(Cl)c(I)cc1Cl,<rdkit.DataStructs.cDataStructs.ExplicitBitVect object at 0x000001C74D53A110>,413.0,4.494100000000002,27.69,0.0,4.0,c1ccccc1
4-Chlorotoluene,-3.297,1,126.586,0,1,0,0.0,-3.08,Cc1ccc(Cl)cc1,<rdkit.DataStructs.cDataStructs.ExplicitBitVect object at 0x000001C74D53A180>,126.586,2.6484200000000007,0.0,0.0,0.0,c1ccccc1
Metribuzin,-2.324,1,214.294,1,1,1,73.8,-2.253,CSc1nnc(c(=O)n1N)C(C)(C)C,<rdkit.DataStructs.cDataStructs.ExplicitBitVect object at 0x000001C74D53A1F0>,214.29399999999998,0.3714999999999997,73.8,1.0,5.0,O=c1cnnc[nH]1
Tricresyl phosphate,-6.39,1,368.3690000000001,0,3,6,44.760000000000005,-6.01,Cc1ccc(OP(=O)(Oc2cccc(C)c2)Oc3ccccc3C)cc1,<rdkit.DataStructs.cDataStructs.ExplicitBitVect object at 0x000001C74D53A420>,368.3690000000001,6.256760000000005,44.760000000000005,0.0,4.0,O=P(Oc1ccccc1)(Oc1ccccc1)Oc1ccccc1
Caproaldehyde,-1.457,1,100.161,0,0,4,17.07,-1.3,CCCCCC=O,<rdkit.DataStructs.cDataStructs.ExplicitBitVect object at 0x000001C74D53A500>,100.16099999999999,1.7656,17.07,0.0,1.0,
Butamben,-3.039,1,193.246,1,1,4,52.32,-3.082,CCCCOC(=O)c1ccc(N)cc1,<rdkit.DataStructs.cDataStructs.ExplicitBitVect object at 0x000001C74D53A730>,193.24599999999998,2.2257,52.32,1.0,3.0,c1ccccc1
RTI 3,-3.049,1,255.277,1,3,0,68.45,-3.043,O2c1cc(C)ccc1N(C)C(=O)c3cc(N)cnc23 ,<rdkit.DataStructs.cDataStructs.ExplicitBitVect object at 0x000001C74D53A810>,255.277,2.35452,68.45,1.0,4.0,O=C1Nc2ccccc2Oc2ncccc21
Nerol,-2.603,1,154.253,1,0,4,20.23,-2.46,CC(C)=CCC/C(C)=C\CO,<rdkit.DataStructs.cDataStructs.ExplicitBitVect object at 0x000001C74D53A8F0>,154.253,2.6714000000000016,20.23,1.0,1.0,
"2,4'-PCB",-5.142,1,223.102,0,2,1,0.0,-5.28,Clc1ccc(cc1)c2ccccc2Cl ,<rdkit.DataStructs.cDataStructs.ExplicitBitVect object at 0x000001C74D53AAB0>,223.102,4.660400000000002,0.0,0.0,0.0,c1ccc(-c2ccccc2)cc1
3-Octanoyloxymethylphenytoin,-4.84,1,408.498,1,3,10,75.71,-6.523,O=C1N(COC(=O)CCCCCCC)C(=O)C(N1)(c2ccccc2)c3ccccc3,<rdkit.DataStructs.cDataStructs.ExplicitBitVect object at 0x000001C74D53ADC0>,408.498,4.343200000000004,75.71,1.0,4.0,O=C1NC(=O)C(c2ccccc2)(c2ccccc2)N1
Nitroethane,-0.462,1,75.067,0,0,1,43.14,-0.22,CCN(=O)=O,<rdkit.DataStructs.cDataStructs.ExplicitBitVect object at 0x000001C74D53AEA0>,75.067,0.2829999999999999,43.14,0.0,2.0,
Ethalfluralin,-5.063,1,333.266,0,1,6,89.51999999999998,-6.124,CCN(CC(C)=C)c1c(cc(cc1N(=O)=O)C(F)(F)F)N(=O)=O,<rdkit.DataStructs.cDataStructs.ExplicitBitVect object at 0x000001C74D53AF80>,333.266,3.9242000000000035,89.51999999999998,0.0,5.0,c1ccccc1
"1,2,3,4-Tetrachlorobenzene",-4.546,1,215.894,0,1,0,0.0,-4.57,Clc1ccc(Cl)c(Cl)c1Cl,<rdkit.DataStructs.cDataStructs.ExplicitBitVect object at 0x000001C74D53B060>,215.894,4.3002,0.0,0.0,0.0,c1ccccc1
Meprobamate,-1.376,1,218.253,2,0,6,104.64,-1.807,CCCC(C)(COC(N)=O)COC(N)=O ,<rdkit.DataStructs.cDataStructs.ExplicitBitVect object at 0x000001C74D53B140>,218.25299999999996,0.9834000000000005,104.63999999999999,2.0,4.0,
pregnenolone,-4.342,1,316.48500000000007,1,4,1,37.3,-4.65,CC(=O)C3CCC4C2CC=C1CC(O)CCC1(C)C2CCC34C ,<rdkit.DataStructs.cDataStructs.ExplicitBitVect object at 0x000001C74D53B220>,316.48500000000007,4.515300000000004,37.3,1.0,2.0,C1=C2CCCCC2C2CCC3CCCC3C2C1
Iodomethane,-1.646,1,141.939,0,0,0,0.0,-1.0,CI,<rdkit.DataStructs.cDataStructs.ExplicitBitVect object at 0x000001C74D53B300>,141.939,1.0512000000000001,0.0,0.0,0.0,
cycloheximide,-1.5319999999999998,1,281.35200000000003,2,2,3,83.47,-1.13,CC1CC(C)C(=O)C(C1)C(O)CC2CC(=O)NC(=O)C2 ,<rdkit.DataStructs.cDataStructs.ExplicitBitVect object at 0x000001C74D53B3E0>,281.35200000000003,1.0414999999999999,83.47,2.0,4.0,O=C1CC(CCC2CCCCC2=O)CC(=O)N1
3-Heptanoyloxymethylphenytoin,-4.496,1,394.471,1,3,9,75.71,-6.301,O=C1N(COC(=O)CCCCCC)C(=O)C(N1)(c2ccccc2)c3ccccc3,<rdkit.DataStructs.cDataStructs.ExplicitBitVect object at 0x000001C74D53B4C0>,394.471,3.9531000000000027,75.71,1.0,4.0,O=C1NC(=O)C(c2ccccc2)(c2ccccc2)N1
isophorone,-2.015,1,138.20999999999998,0,1,0,17.07,-1.06,CC1=CC(=O)CC(C)(C)C1 ,<rdkit.DataStructs.cDataStructs.ExplicitBitVect object at 0x000001C74D53B5A0>,138.20999999999998,2.3218000000000005,17.07,0.0,1.0,O=C1C=CCCC1
Butabarbital,-1.958,1,212.249,2,1,3,75.27000000000001,-2.39,O=C1NC(=O)NC(=O)C1(CC)C(C)CC,<rdkit.DataStructs.cDataStructs.ExplicitBitVect object at 0x000001C74D53B680>,212.24899999999997,0.7948999999999993,75.27000000000001,2.0,3.0,O=C1CC(=O)NC(=O)N1
5-Nonanone,-2.329,1,142.242,0,0,6,17.07,-2.58,CCCCC(=O)CCCC,<rdkit.DataStructs.cDataStructs.ExplicitBitVect object at 0x000001C74D53B760>,142.242,2.935900000000001,17.07,0.0,1.0,
Glutethimide,-2.591,1,217.268,1,2,2,46.17,-2.337,CCC1(CCC(=O)NC1=O)c2ccccc2 ,<rdkit.DataStructs.cDataStructs.ExplicitBitVect object at 0x000001C74D53B840>,217.268,1.771,46.17,1.0,2.0,O=C1CCC(c2ccccc2)C(=O)N1
3-Methylpentane,-2.6,1,86.178,0,0,2,0.0,-3.68,CCC(C)CC,<rdkit.DataStructs.cDataStructs.ExplicitBitVect object at 0x000001C74D53B920>,86.178,2.442500000000001,0.0,0.0,0.0,
Etofenprox,-6.896,1,376.496,0,3,9,27.69,-8.6,CCOc1ccc(cc1)C(C)(C)COCc3cccc(Oc2ccccc2)c3,<rdkit.DataStructs.cDataStructs.ExplicitBitVect object at 0x000001C74D53BA00>,376.49600000000004,6.372000000000007,27.69,0.0,3.0,c1ccc(CCOCc2cccc(Oc3ccccc3)c2)cc1
Methaqualone,-3.881,1,250.301,0,3,1,34.89,-2.925,Cc1ccccc1n3c(C)nc2ccccc2c3=O,<rdkit.DataStructs.cDataStructs.ExplicitBitVect object at 0x000001C74D53BAE0>,250.30100000000002,3.0025400000000015,34.89,0.0,2.0,O=c1c2ccccc2ncn1-c1ccccc1
Chloroacetonitrile,-0.4479999999999999,1,75.498,0,0,0,23.79,-0.092,ClCC#N,<rdkit.DataStructs.cDataStructs.ExplicitBitVect object at 0x000001C74D53BBC0>,75.498,0.74878,23.79,0.0,1.0,
Trichloronate,-5.225,1,333.60400000000004,0,1,5,18.46,-5.752000000000001,CCOP(=S)(CC)Oc1cc(Cl)c(Cl)cc1Cl,<rdkit.DataStructs.cDataStructs.ExplicitBitVect object at 0x000001C74D53BCA0>,333.60400000000004,5.391500000000002,18.46,0.0,3.0,c1ccccc1
Ethisterone,-3.858,1,312.45300000000003,1,4,0,37.3,-5.66,CC12CCC(=O)C=C1CCC3C2CCC4(C)C3CCC4(O)C#C ,<rdkit.DataStructs.cDataStructs.ExplicitBitVect object at 0x000001C74D53BD80>,312.45300000000003,3.8826000000000027,37.3,1.0,2.0,O=C1C=C2CCC3C4CCCC4CCC3C2CC1
Pyridazine,-0.619,2,80.08999999999999,0,1,0,25.78,1.1,c1ccnnc1,<rdkit.DataStructs.cDataStructs.ExplicitBitVect object at 0x000001C74D53BE60>,80.08999999999999,0.4765999999999999,25.78,0.0,2.0,c1ccnnc1
"1,2,3,5-Tetrachlorobenzene",-4.621,1,215.894,0,1,0,0.0,-4.63,Clc1cc(Cl)c(Cl)c(Cl)c1,<rdkit.DataStructs.cDataStructs.ExplicitBitVect object at 0x000001C74D53BF40>,215.894,4.3002,0.0,0.0,0.0,c1ccccc1
Diosgenin,-5.681,1,414.63000000000017,1,6,0,38.69,-7.32,C1C(O)CCC2(C)CC3CCC4(C)C5(C)CC6OCC(C)CC6OC5CC4C3C=C21,<rdkit.DataStructs.cDataStructs.ExplicitBitVect object at 0x000001C74A47ACE0>,414.63000000000017,5.508800000000006,38.69,1.0,3.0,C1=C2CCCCC2CC2CCC3C4CC5OCCCC5OC4CC3C12
o-Aminophenol,-1.465,1,109.128,2,1,0,46.25,-0.72,Nc1ccccc1O,<rdkit.DataStructs.cDataStructs.ExplicitBitVect object at 0x000001C74A479E00>,109.12799999999999,0.9743999999999999,46.25,2.0,2.0,c1ccccc1
Ethyl nonanoate,-3.3160000000000003,1,186.295,0,0,8,26.3,-3.8,CCCCCCCCC(=O)OCC,<rdkit.DataStructs.cDataStructs.ExplicitBitVect object at 0x000001C74A479FC0>,186.295,3.3001000000000023,26.3,0.0,2.0,
metalaxyl,-2.87,1,279.336,0,1,5,55.84,-1.601,COCC(=O)N(C(C)C(=O)OC)c1c(C)cccc1C ,<rdkit.DataStructs.cDataStructs.ExplicitBitVect object at 0x000001C74A47A180>,279.336,1.8443399999999999,55.84,0.0,4.0,c1ccccc1
Propoxur,-2.4090000000000003,1,209.245,1,1,3,47.56,-2.05,CNC(=O)Oc1ccccc1OC(C)C,<rdkit.DataStructs.cDataStructs.ExplicitBitVect object at 0x000001C74A47A340>,209.24499999999998,2.192,47.56,1.0,3.0,c1ccccc1
2-Chlorobutane,-1.94,1,92.569,0,0,1,0.0,-1.96,CCC(C)Cl,<rdkit.DataStructs.cDataStructs.ExplicitBitVect object at 0x000001C74A47A500>,92.569,2.0237,0.0,0.0,0.0,
2-Napthol,-3.08,1,144.17299999999997,1,2,0,20.23,-2.28,Oc1ccc2ccccc2c1,<rdkit.DataStructs.cDataStructs.ExplicitBitVect object at 0x000001C74A47A6C0>,144.17299999999997,2.5454,20.23,1.0,1.0,c1ccc2ccccc2c1
Oxadiazon,-5.265,1,345.22600000000017,0,2,3,57.26,-5.696000000000001,CC(C)Oc1cc(c(Cl)cc1Cl)n2nc(oc2=O)C(C)(C)C,<rdkit.DataStructs.cDataStructs.ExplicitBitVect object at 0x000001C74A47A880>,345.22600000000017,4.217000000000003,57.26,0.0,4.0,O=c1ocnn1-c1ccccc1
1-Hexyne ,-1.801,1,82.14599999999999,0,0,2,0.0,-2.36,CCCCC#C,<rdkit.DataStructs.cDataStructs.ExplicitBitVect object at 0x000001C74A47AA40>,82.14599999999999,1.8098,0.0,0.0,0.0,
1-Nonyne ,-2.864,1,124.227,0,0,5,0.0,-4.24,CCCCCCCC#C,<rdkit.DataStructs.cDataStructs.ExplicitBitVect object at 0x000001C74A47AC00>,124.22699999999999,2.980100000000002,0.0,0.0,0.0,
2-Chlorotoluene,-3.297,1,126.586,0,1,0,0.0,-3.52,Cc1ccccc1Cl,<rdkit.DataStructs.cDataStructs.ExplicitBitVect object at 0x000001C74A47ADC0>,126.586,2.6484200000000007,0.0,0.0,0.0,c1ccccc1
Diisopropyl ether ,-1.281,1,102.177,0,0,2,9.23,-1.1,CC(C)OC(C)C,<rdkit.DataStructs.cDataStructs.ExplicitBitVect object at 0x000001C74A47AF80>,102.17699999999999,1.8197999999999999,9.23,0.0,1.0,
Dapsone,-2.464,1,248.307,2,2,2,86.18,-3.094,Nc1ccc(cc1)S(=O)(=O)c2ccc(N)cc2,<rdkit.DataStructs.cDataStructs.ExplicitBitVect object at 0x000001C74A47B140>,248.307,1.6838000000000002,86.18,2.0,4.0,O=S(=O)(c1ccccc1)c1ccccc1
Methyl hydrazine,0.5429999999999999,1,46.073,2,0,0,38.05,1.34,CNN,<rdkit.DataStructs.cDataStructs.ExplicitBitVect object at 0x000001C74A47B300>,46.073,-0.9205000000000001,38.05,2.0,2.0,
Propyne,-0.672,1,40.065000000000005,0,0,0,0.0,-0.41,CC#C,<rdkit.DataStructs.cDataStructs.ExplicitBitVect object at 0x000001C74A47B4C0>,40.065000000000005,0.6395,0.0,0.0,0.0,
Phoxim,-4.557,1,298.304,0,1,7,63.84,-4.862,CCOP(=S)(OCC)ON=C(C#N)c1ccccc1,<rdkit.DataStructs.cDataStructs.ExplicitBitVect object at 0x000001C74A47B680>,298.304,3.2283800000000014,63.839999999999996,0.0,6.0,c1ccccc1
Propetamphos,-2.826,1,281.314,1,0,7,56.790000000000006,-3.408,CCNP(=S)(OC)OC(=CC(=O)OC(C)C)C,<rdkit.DataStructs.cDataStructs.ExplicitBitVect object at 0x000001C74A47B840>,281.314,2.3388,56.790000000000006,1.0,5.0,
Acrolein,-0.184,1,56.064,0,0,1,17.07,0.57,C=CC=O,<rdkit.DataStructs.cDataStructs.ExplicitBitVect object at 0x000001C74A47BA00>,56.064,0.37129999999999996,17.07,0.0,1.0,
Hypoxanthine,-0.6559999999999999,1,136.114,2,2,0,74.43,-2.296,O=c1[nH]cnc2nc[nH]c12 ,<rdkit.DataStructs.cDataStructs.ExplicitBitVect object at 0x000001C74A47BBC0>,136.114,-0.35380000000000006,74.43,2.0,3.0,O=c1[nH]cnc2nc[nH]c12
6-hydroxyquinoline,-2.725,1,145.161,1,2,0,33.120000000000005,-2.16,Oc2ccc1ncccc1c2 ,<rdkit.DataStructs.cDataStructs.ExplicitBitVect object at 0x000001C74A47BD80>,145.161,1.9403999999999997,33.120000000000005,1.0,2.0,c1ccc2ncccc2c1
Fluorobenzene,-2.514,1,96.10399999999998,0,1,0,0.0,-1.8,Fc1ccccc1,<rdkit.DataStructs.cDataStructs.ExplicitBitVect object at 0x000001C74A47BF40>,96.10399999999998,1.8256999999999999,0.0,0.0,0.0,c1ccccc1
1-Chloropropane,-1.585,1,78.542,0,0,1,0.0,-1.47,CCCCl,<rdkit.DataStructs.cDataStructs.ExplicitBitVect object at 0x000001C74A47BE60>,78.542,1.6352,0.0,0.0,0.0,
Ethyl acetate,-0.77,1,88.106,0,0,1,26.3,-0.04,CCOC(=O)C,<rdkit.DataStructs.cDataStructs.ExplicitBitVect object at 0x000001C74A47BCA0>,88.106,0.5694,26.3,0.0,2.0,
"2,2-Dimethylpentane",-2.938,1,100.20499999999998,0,0,1,0.0,-4.36,CCCC(C)(C)C,<rdkit.DataStructs.cDataStructs.ExplicitBitVect object at 0x000001C74A47BAE0>,100.20499999999998,2.832600000000001,0.0,0.0,0.0,
Pentamethylbenzene,-3.993,1,148.249,0,1,0,0.0,-4.0,Cc1cc(C)c(C)c(C)c1C,<rdkit.DataStructs.cDataStructs.ExplicitBitVect object at 0x000001C74A47B920>,148.249,3.2287000000000017,0.0,0.0,0.0,c1ccccc1
eucalyptol,-2.579,1,154.253,0,3,0,9.23,-1.64,CC12CCC(CC1)C(C)(C)O2 ,<rdkit.DataStructs.cDataStructs.ExplicitBitVect object at 0x000001C74A47B760>,154.253,2.7441000000000013,9.23,0.0,1.0,C1CC2CCC1CO2
dibutyl sebacate,-4.726,1,314.46600000000007,0,0,15,52.60000000000001,-3.896,CCCCOC(=O)CCCCCCCCC(=O)OCCCC,<rdkit.DataStructs.cDataStructs.ExplicitBitVect object at 0x000001C74A47B5A0>,314.46600000000007,4.7938000000000045,52.60000000000001,0.0,4.0,
"4,4'-PCB",-5.299,1,223.102,0,2,1,0.0,-6.56,Clc1ccc(cc1)c2ccc(Cl)cc2 ,<rdkit.DataStructs.cDataStructs.ExplicitBitVect object at 0x000001C74A47B3E0>,223.102,4.660400000000002,0.0,0.0,0.0,c1ccc(-c2ccccc2)cc1
"2,3-Dimethylpyridine",-2.067,1,107.156,0,1,0,12.89,0.38,Cc1cccnc1C,<rdkit.DataStructs.cDataStructs.ExplicitBitVect object at 0x000001C74A47B220>,107.156,1.69844,12.89,0.0,1.0,c1ccncc1
Carvone,-2.042,1,150.22099999999998,0,1,1,17.07,-2.06,CC(=C)C1CC=C(C)C(=O)C1,<rdkit.DataStructs.cDataStructs.ExplicitBitVect object at 0x000001C74A47B060>,150.22099999999998,2.4879000000000007,17.07,0.0,1.0,O=C1C=CCCC1
Carbophenthion,-5.827999999999999,1,342.875,0,1,8,18.46,-5.736000000000001,CCOP(=S)(OCC)SCSc1ccc(Cl)cc1,<rdkit.DataStructs.cDataStructs.ExplicitBitVect object at 0x000001C74A47AEA0>,342.875,5.420300000000004,18.46,0.0,5.0,c1ccccc1
"Etoposide (148-167,25mg/ml)",-3.292,1,588.5620000000001,3,7,5,160.83,-3.571,COc1cc(cc(OC)c1O)C6C2C(COC2=O)C(OC4OC3COC(C)OC3C(O)C4O)c7cc5OCOc5cc67,<rdkit.DataStructs.cDataStructs.ExplicitBitVect object at 0x000001C74A47A960>,588.5620000000001,1.338599999999999,160.83,3.0,13.0,O=C1OCC2C(OC3CCC4OCOCC4O3)c3cc4c(cc3C(c3ccccc3)C12)OCO4
Perylene,-6.007000000000001,2,252.316,0,5,0,0.0,-8.804,c1cc2cccc3c4cccc5cccc(c(c1)c23)c54,<rdkit.DataStructs.cDataStructs.ExplicitBitVect object at 0x000001C74A47A7A0>,252.31599999999997,5.737200000000003,0.0,0.0,0.0,c1cc2cccc3c4cccc5cccc(c(c1)c23)c54
"2,4-Dinitrotoluene",-2.604,1,182.135,0,1,2,86.28,-2.82,Cc1ccc(cc1N(=O)=O)N(=O)=O,<rdkit.DataStructs.cDataStructs.ExplicitBitVect object at 0x000001C74A47A5E0>,182.135,1.8114200000000005,86.28,0.0,4.0,c1ccccc1
2-bromonaphthalene,-4.434,1,207.07,0,2,0,0.0,-4.4,c1c(Br)ccc2ccccc12 ,<rdkit.DataStructs.cDataStructs.ExplicitBitVect object at 0x000001C74A47A420>,207.07000000000002,3.6023000000000014,0.0,0.0,0.0,c1ccc2ccccc2c1
Formetanate,-1.846,1,221.26,1,1,3,53.93,-2.34,CNC(=O)Oc1cccc(N=CN(C)C)c1,<rdkit.DataStructs.cDataStructs.ExplicitBitVect object at 0x000001C74A47A260>,221.26,1.6262,53.93,1.0,3.0,c1ccccc1
6-methoxypteridine,-1.589,1,162.15200000000002,0,2,1,60.790000000000006,-1.139,COc2cnc1ncncc1n2,<rdkit.DataStructs.cDataStructs.ExplicitBitVect object at 0x000001C74A47A0A0>,162.15200000000002,0.42839999999999984,60.790000000000006,0.0,5.0,c1cnc2ncncc2n1
nevirapine,-3.397,1,266.30400000000003,1,4,1,58.120000000000005,-3.19,Cc3ccnc4N(C1CC1)c2ncccc2C(=O)Nc34 ,<rdkit.DataStructs.cDataStructs.ExplicitBitVect object at 0x000001C74A479EE0>,266.30400000000003,2.6512200000000004,58.120000000000005,1.0,4.0,O=C1Nc2cccnc2N(C2CC2)c2ncccc21
Isazofos,-3.76,1,313.747,0,1,7,58.4,-3.658,CCOP(=S)(OCC)Oc1nc(Cl)n(n1)C(C)C,<rdkit.DataStructs.cDataStructs.ExplicitBitVect object at 0x000001C74A47C190>,313.747,3.1887000000000016,58.4,0.0,6.0,c1nc[nH]n1
"2-Methyl-1,3-Butadiene ",-1.714,1,68.11900000000001,0,0,1,0.0,-2.03,CC(=C)C=C,<rdkit.DataStructs.cDataStructs.ExplicitBitVect object at 0x000001C74A47C350>,68.11900000000001,1.7485,0.0,0.0,0.0,
linalool,-2.399,1,154.253,1,0,4,20.23,-1.99,CC(C)=CCCC(O)(C)C=C,<rdkit.DataStructs.cDataStructs.ExplicitBitVect object at 0x000001C74A47C510>,154.253,2.6698000000000013,20.23,1.0,1.0,
Fenthion,-4.265,1,278.335,0,1,5,27.69,-4.57,COP(=S)(OC)Oc1ccc(SC)c(C)c1,<rdkit.DataStructs.cDataStructs.ExplicitBitVect object at 0x000001C74A47C6D0>,278.335,3.6130200000000023,27.69,0.0,5.0,c1ccccc1
Cyclohexanol ,-1.261,1,100.161,1,1,0,20.23,-0.44,OC1CCCCC1,<rdkit.DataStructs.cDataStructs.ExplicitBitVect object at 0x000001C74A47C890>,100.161,1.3114,20.23,1.0,1.0,C1CCCCC1
5-Allyl-5-methylbarbital,-1.013,1,182.179,2,1,2,75.27000000000001,-1.16,O=C1NC(=O)NC(=O)C1(C)CC=C,<rdkit.DataStructs.cDataStructs.ExplicitBitVect object at 0x000001C74A47CA50>,182.17899999999997,-0.06520000000000037,75.27000000000001,2.0,3.0,O=C1CC(=O)NC(=O)N1
Epiandrosterone,-3.882,1,290.447,1,4,0,37.3,-4.16,CC34CCC1C(CCC2CC(O)CCC12C)C3CCC4=O,<rdkit.DataStructs.cDataStructs.ExplicitBitVect object at 0x000001C74A47CC10>,290.447,3.959100000000003,37.3,1.0,2.0,O=C1CCC2C1CCC1C3CCCCC3CCC21
mannitol,0.647,1,182.172,6,0,5,121.38,0.06,OCC(O)C(O)C(O)C(O)CO ,<rdkit.DataStructs.cDataStructs.ExplicitBitVect object at 0x000001C74A47CDD0>,182.172,-3.5854000000000004,121.38000000000001,6.0,6.0,
4-Methylbiphenyl,-4.424,1,168.239,0,2,1,0.0,-4.62,Cc1ccc(cc1)c2ccccc2,<rdkit.DataStructs.cDataStructs.ExplicitBitVect object at 0x000001C74A47CF90>,168.239,3.662020000000002,0.0,0.0,0.0,c1ccc(-c2ccccc2)cc1
Atrazine,-3.069,1,215.688,2,1,4,62.73,-3.85,CCNc1nc(Cl)nc(NC(C)C)n1,<rdkit.DataStructs.cDataStructs.ExplicitBitVect object at 0x000001C74A47D150>,215.68800000000002,1.7770999999999997,62.730000000000004,2.0,5.0,c1ncncn1
Phenylthiourea,-1.7009999999999998,1,152.22199999999998,2,1,1,38.05,-1.77,NC(=S)Nc1ccccc1,<rdkit.DataStructs.cDataStructs.ExplicitBitVect object at 0x000001C74A47D310>,152.22199999999998,1.3421,38.05,2.0,1.0,c1ccccc1
4-Heptanone,-1.62,1,114.188,0,0,4,17.07,-1.3,CCCC(=O)CCC,<rdkit.DataStructs.cDataStructs.ExplicitBitVect object at 0x000001C74A47D4D0>,114.18799999999999,2.1557000000000004,17.07,0.0,1.0,
"3,3-Dimethyl-2-butanone",-1.25,1,100.161,0,0,0,17.07,-0.72,CC(=O)C(C)(C)C,<rdkit.DataStructs.cDataStructs.ExplicitBitVect object at 0x000001C74A47D690>,100.16099999999999,1.6215,17.07,0.0,1.0,
4-Chlorophenol ,-2.761,1,128.558,1,1,0,20.23,-0.7,Oc1ccc(Cl)cc1,<rdkit.DataStructs.cDataStructs.ExplicitBitVect object at 0x000001C74A47D850>,128.558,2.0456,20.23,1.0,1.0,c1ccccc1
Cyclohexanone,-0.996,1,98.145,0,1,0,17.07,-0.6,O=C1CCCCC1,<rdkit.DataStructs.cDataStructs.ExplicitBitVect object at 0x000001C74A47DA10>,98.14500000000001,1.5196,17.07,0.0,1.0,O=C1CCCCC1
m-Methylaniline,-1.954,1,107.156,1,1,0,26.02,-0.85,Cc1cccc(N)c1,<rdkit.DataStructs.cDataStructs.ExplicitBitVect object at 0x000001C74A47DBD0>,107.156,1.5772199999999998,26.02,1.0,1.0,c1ccccc1
Trichloroacetonitrile,-2.019,1,144.388,0,0,0,23.79,-2.168,ClC(Cl)(Cl)C#N,<rdkit.DataStructs.cDataStructs.ExplicitBitVect object at 0x000001C74A47DD90>,144.388,1.88018,23.79,0.0,1.0,
norflurazon,-4.029,1,303.67100000000005,1,2,2,46.92,-4.046,CNc2cnn(c1cccc(c1)C(F)(F)F)c(=O)c2Cl,<rdkit.DataStructs.cDataStructs.ExplicitBitVect object at 0x000001C74A47DF50>,303.67100000000005,2.9464000000000006,46.92,1.0,3.0,O=c1cccnn1-c1ccccc1
2-Decanone,-2.617,1,156.269,0,0,7,17.07,-3.3,CCCCCCCCC(=O)C,<rdkit.DataStructs.cDataStructs.ExplicitBitVect object at 0x000001C74A47E110>,156.269,3.3260000000000023,17.07,0.0,1.0,
Ipazine,-3.497,1,243.742,1,1,5,53.940000000000005,-3.785,CCN(CC)c1nc(Cl)nc(NC(C)C)n1,<rdkit.DataStructs.cDataStructs.ExplicitBitVect object at 0x000001C74A47E2D0>,243.74200000000002,2.1914999999999996,53.940000000000005,1.0,5.0,c1ncncn1
Benzocaine,-2.383,1,165.19199999999998,1,1,2,52.32,-2.616,CCOC(=O)c1ccc(N)cc1,<rdkit.DataStructs.cDataStructs.ExplicitBitVect object at 0x000001C74A47E490>,165.19199999999998,1.4455,52.32,1.0,3.0,c1ccccc1
"1,2,4-Trichlorobenzene",-4.083,1,181.449,0,1,0,0.0,-3.59,Clc1ccc(Cl)c(Cl)c1,<rdkit.DataStructs.cDataStructs.ExplicitBitVect object at 0x000001C74A47E650>,181.449,3.6468000000000007,0.0,0.0,0.0,c1ccccc1
Triazolam,-3.948,1,343.2170000000001,0,4,1,43.07,-4.09,Cc3nnc4CN=C(c1ccccc1Cl)c2cc(Cl)ccc2n34,<rdkit.DataStructs.cDataStructs.ExplicitBitVect object at 0x000001C74A47E810>,343.2170000000001,4.233520000000003,43.07,0.0,3.0,c1ccc(C2=NCc3nncn3-c3ccccc32)cc1
"1,2-Benzenediol",-1.635,1,110.11199999999998,2,1,0,40.46,0.62,Oc1ccccc1O,<rdkit.DataStructs.cDataStructs.ExplicitBitVect object at 0x000001C74A47E9D0>,110.11199999999998,1.0977999999999999,40.46,2.0,2.0,c1ccccc1
Reverse Transcriptase inhibitor 1,-2.794,1,254.293,0,3,1,49.330000000000005,-2.62,CCN2c1ncccc1N(C)C(=O)c3cccnc23 ,<rdkit.DataStructs.cDataStructs.ExplicitBitVect object at 0x000001C74A47EB90>,254.29299999999998,2.2245999999999997,49.330000000000005,0.0,4.0,O=C1Nc2cccnc2Nc2ncccc21
Dimethyl sulfide,-0.758,1,62.137,0,0,0,0.0,-0.45,CSC,<rdkit.DataStructs.cDataStructs.ExplicitBitVect object at 0x000001C74A47ED50>,62.137,0.9792,0.0,0.0,1.0,
2-Bromotoluene,-3.667,1,171.03699999999998,0,1,0,0.0,-2.23,Cc1ccccc1Br,<rdkit.DataStructs.cDataStructs.ExplicitBitVect object at 0x000001C74A47EF10>,171.03699999999998,2.7575200000000013,0.0,0.0,0.0,c1ccccc1
O-Ethyl carbamate,-0.218,1,89.09400000000001,1,0,1,52.32,0.85,CCOC(=O)N,<rdkit.DataStructs.cDataStructs.ExplicitBitVect object at 0x000001C74A47F0D0>,89.09400000000001,0.10160000000000013,52.32,1.0,2.0,
megestrol acetate,-4.417,1,384.5160000000002,0,4,2,60.440000000000005,-5.35,CC(=O)OC3(CCC4C2C=C(C)C1=CC(=O)CCC1(C)C2CCC34C)C(C)=O ,<rdkit.DataStructs.cDataStructs.ExplicitBitVect object at 0x000001C74A47F290>,384.5160000000002,4.575300000000004,60.440000000000005,0.0,4.0,O=C1C=C2C=CC3C4CCCC4CCC3C2CC1
"2,4-Dimethyl-3-pentanol",-1.6469999999999998,1,116.20399999999998,1,0,2,20.23,-1.22,CC(C)C(O)C(C)C,<rdkit.DataStructs.cDataStructs.ExplicitBitVect object at 0x000001C74A47F450>,116.20399999999998,1.6593,20.23,1.0,1.0,
Napthalene,-3.468,2,128.17399999999995,0,2,0,0.0,-3.6,c1ccc2ccccc2c1,<rdkit.DataStructs.cDataStructs.ExplicitBitVect object at 0x000001C74A47F610>,128.17399999999995,2.839800000000001,0.0,0.0,0.0,c1ccc2ccccc2c1
N-Ethylaniline,-2.389,1,121.18299999999996,1,1,2,12.03,-1.7,CCNc1ccccc1,<rdkit.DataStructs.cDataStructs.ExplicitBitVect object at 0x000001C74A47F7D0>,121.18299999999995,2.1184,12.03,1.0,1.0,c1ccccc1
Phenytoin,-3.057,1,252.273,2,3,2,58.2,-4.097,O=C1NC(=O)C(N1)(c2ccccc2)c3ccccc3,<rdkit.DataStructs.cDataStructs.ExplicitBitVect object at 0x000001C74A47F990>,252.27300000000002,1.7695999999999998,58.2,2.0,2.0,O=C1NC(=O)C(c2ccccc2)(c2ccccc2)N1
"7,12-Dimethylbenz(a)anthracene",-6.297000000000001,1,256.348,0,4,0,0.0,-7.02,Cc1c2ccccc2c(C)c3ccc4ccccc4c13,<rdkit.DataStructs.cDataStructs.ExplicitBitVect object at 0x000001C74A47FB50>,256.348,5.763040000000005,0.0,0.0,0.0,c1ccc2cc3c(ccc4ccccc43)cc2c1
Dialifor,-5.026,1,393.85400000000016,0,2,8,55.84,-6.34,CCOP(=S)(OCC)SC(CCl)N1C(=O)c2ccccc2C1=O,<rdkit.DataStructs.cDataStructs.ExplicitBitVect object at 0x000001C74A47FD10>,393.85400000000016,3.878200000000003,55.84,0.0,6.0,O=C1NC(=O)c2ccccc21
Methoxychlor,-5.537999999999999,1,345.6529999999999,0,2,4,18.46,-6.89,COc1ccc(cc1)C(c2ccc(OC)cc2)C(Cl)(Cl)Cl,<rdkit.DataStructs.cDataStructs.ExplicitBitVect object at 0x000001C74A47FED0>,345.6529999999999,5.205900000000002,18.46,0.0,2.0,c1ccc(Cc2ccccc2)cc1
TEFLUBENZURON,-5.462000000000001,1,381.1120000000001,2,2,2,58.2,-7.28,Fc1cccc(F)c1C(=O)NC(=O)Nc2cc(Cl)c(F)c(Cl)c2F ,<rdkit.DataStructs.cDataStructs.ExplicitBitVect object at 0x000001C74A47FDF0>,381.1120000000001,4.511700000000001,58.2,2.0,2.0,O=C(NC(=O)c1ccccc1)Nc1ccccc1
3-Pentanoyloxymethylphenytoin,-3.81,1,366.417,1,3,7,75.71,-4.678,O=C1N(COC(=O)CCCC)C(=O)C(N1)(c2ccccc2)c3ccccc3,<rdkit.DataStructs.cDataStructs.ExplicitBitVect object at 0x000001C74A47FC30>,366.41700000000003,3.172900000000002,75.71,1.0,4.0,O=C1NC(=O)C(c2ccccc2)(c2ccccc2)N1
Monuron,-2.6710000000000003,1,198.653,1,1,1,32.34,-2.89,CN(C)C(=O)Nc1ccc(Cl)cc1,<rdkit.DataStructs.cDataStructs.ExplicitBitVect object at 0x000001C74A47FA70>,198.653,2.4335000000000004,32.34,1.0,1.0,c1ccccc1
Flutriafol,-3.569,1,301.296,1,3,4,50.94,-3.37,OC(Cn1cncn1)(c2ccc(F)cc2)c3ccccc3F,<rdkit.DataStructs.cDataStructs.ExplicitBitVect object at 0x000001C74A47F8B0>,301.296,2.492400000000001,50.94,1.0,3.0,c1ccc(C(Cn2cncn2)c2ccccc2)cc1
triamcinolone diacetate,-3.876,1,478.51300000000026,2,4,4,127.20000000000002,-4.13,CC(=O)OCC(=O)C3(O)C(CC4C2CCC1=CC(=O)C=CC1(C)C2(F)C(O)CC34C)OC(C)=O ,<rdkit.DataStructs.cDataStructs.ExplicitBitVect object at 0x000001C74A47F6F0>,478.51300000000026,1.7620999999999996,127.20000000000002,2.0,8.0,O=C1C=CC2C(=C1)CCC1C3CCCC3CCC21
1-Bromobutane,-2.303,1,137.01999999999998,0,0,2,0.0,-2.37,CCCCBr,<rdkit.DataStructs.cDataStructs.ExplicitBitVect object at 0x000001C74A47F530>,137.01999999999998,2.1814,0.0,0.0,0.0,
"1,2,4,5-Tetrabromobenzene",-6.001,1,393.698,0,1,0,0.0,-6.98,Brc1cc(Br)c(Br)cc1Br,<rdkit.DataStructs.cDataStructs.ExplicitBitVect object at 0x000001C74A47F370>,393.69800000000004,4.7366,0.0,0.0,0.0,c1ccccc1
4-Methyl-2-pentanone,-1.1840000000000002,1,100.161,0,0,2,17.07,-0.74,CC(C)CC(=O)C,<rdkit.DataStructs.cDataStructs.ExplicitBitVect object at 0x000001C74A47F1B0>,100.16099999999999,1.6215,17.07,0.0,1.0,
cycloate,-3.35,1,215.36199999999997,0,1,3,20.31,-3.4,CCSC(=O)N(CC)C1CCCCC1 ,<rdkit.DataStructs.cDataStructs.ExplicitBitVect object at 0x000001C74A47EFF0>,215.36199999999994,3.5141000000000027,20.310000000000002,0.0,2.0,C1CCCCC1
4-Chloroanisole,-3.057,1,142.585,0,1,1,9.23,-2.78,COc1ccc(Cl)cc1,<rdkit.DataStructs.cDataStructs.ExplicitBitVect object at 0x000001C74A47EE30>,142.585,2.3486000000000002,9.23,0.0,1.0,c1ccccc1
Deltamethrin,-7.44,1,505.2060000000002,0,3,6,59.32000000000001,-8.402000000000001,CC1(C)C(C=C(Br)Br)C1C(=O)OC(C#N)c2cccc(Oc3ccccc3)c2,<rdkit.DataStructs.cDataStructs.ExplicitBitVect object at 0x000001C74A47EC70>,505.20600000000024,6.490180000000005,59.32000000000001,0.0,4.0,O=C(OCc1cccc(Oc2ccccc2)c1)C1CC1
Talbutal,-2.06,1,224.26,2,1,4,75.27000000000001,-2.016,CCC(C)C1(CC=C)C(=O)NC(=O)NC1=O,<rdkit.DataStructs.cDataStructs.ExplicitBitVect object at 0x000001C74A47EAB0>,224.26,0.9609999999999999,75.27000000000001,2.0,3.0,O=C1CC(=O)NC(=O)N1
Fenitrothion,-3.845,1,277.238,0,1,5,70.83000000000001,-4.04,COP(=S)(OC)Oc1ccc(N(=O)=O)c(C)c1,<rdkit.DataStructs.cDataStructs.ExplicitBitVect object at 0x000001C74A47E8F0>,277.238,2.7993200000000007,70.83000000000001,0.0,6.0,c1ccccc1
1-Iodonapthalene,-4.888999999999999,1,254.07,0,2,0,0.0,-4.55,Ic1cccc2ccccc12,<rdkit.DataStructs.cDataStructs.ExplicitBitVect object at 0x000001C74A47E730>,254.07000000000002,3.4444000000000017,0.0,0.0,0.0,c1ccc2ccccc2c1
Sorbitol,0.647,1,182.172,6,0,5,121.38,1.09,OCC(O)C(O)C(O)C(O)CO,<rdkit.DataStructs.cDataStructs.ExplicitBitVect object at 0x000001C74A47E570>,182.172,-3.5854000000000004,121.38000000000001,6.0,6.0,
Ethanethiol,-0.968,1,62.137,1,0,0,0.0,-0.6,CCS,<rdkit.DataStructs.cDataStructs.ExplicitBitVect object at 0x000001C74A47E3B0>,62.137,0.9360999999999999,0.0,1.0,1.0,
"1,1,2-Trichloroethane",-1.961,1,133.405,0,0,1,0.0,-1.48,ClCC(Cl)Cl,<rdkit.DataStructs.cDataStructs.ExplicitBitVect object at 0x000001C74A47E1F0>,133.405,2.0289,0.0,0.0,0.0,
Pyrolan,-3.141,1,245.282,0,2,2,47.36000000000001,-2.09,CN(C)C(=O)Oc1cc(C)nn1c2ccccc2,<rdkit.DataStructs.cDataStructs.ExplicitBitVect object at 0x000001C74A47E030>,245.282,2.2411200000000004,47.36000000000001,0.0,3.0,c1ccc(-n2cccn2)cc1
o-Hydroxybenzamide,-1.942,1,137.13799999999998,2,1,1,63.32000000000001,-1.82,NC(=O)c1ccccc1O,<rdkit.DataStructs.cDataStructs.ExplicitBitVect object at 0x000001C74A47DE70>,137.13799999999998,0.49110000000000004,63.32000000000001,2.0,2.0,c1ccccc1
o-Nitrotoluene,-2.589,1,137.138,0,1,1,43.14,-2.33,Cc1ccccc1N(=O)=O,<rdkit.DataStructs.cDataStructs.ExplicitBitVect object at 0x000001C74A47DCB0>,137.138,1.9032200000000001,43.14,0.0,2.0,c1ccccc1
"5,5-Diisopropylbarbital",-1.942,1,212.249,2,1,2,75.27000000000001,-2.766,O=C1NC(=O)NC(=O)C1(C(C)C)C(C)C,<rdkit.DataStructs.cDataStructs.ExplicitBitVect object at 0x000001C74A47DAF0>,212.249,0.6507999999999994,75.27000000000001,2.0,3.0,O=C1CC(=O)NC(=O)N1
2-Ethyltoluene,-3.2960000000000003,1,120.19499999999996,0,1,1,0.0,-3.21,CCc1ccccc1C,<rdkit.DataStructs.cDataStructs.ExplicitBitVect object at 0x000001C74A47D930>,120.19499999999996,2.5574200000000005,0.0,0.0,0.0,c1ccccc1
1-Chloroheptane,-3.003,1,134.65,0,0,5,0.0,-4.0,CCCCCCCCl,<rdkit.DataStructs.cDataStructs.ExplicitBitVect object at 0x000001C74A47D770>,134.65,3.1956000000000016,0.0,0.0,0.0,
Barbital,-1.265,1,184.195,2,1,2,75.27000000000001,-2.4,O=C1NC(=O)NC(=O)C1(CC)CC,<rdkit.DataStructs.cDataStructs.ExplicitBitVect object at 0x000001C74A47D5B0>,184.19499999999996,0.15879999999999939,75.27000000000001,2.0,3.0,O=C1CC(=O)NC(=O)N1
Bibenzyl ,-4.301,2,182.266,0,2,3,0.0,-4.62,C(Cc1ccccc1)c2ccccc2,<rdkit.DataStructs.cDataStructs.ExplicitBitVect object at 0x000001C74A47D3F0>,182.266,3.4718000000000018,0.0,0.0,0.0,c1ccc(CCc2ccccc2)cc1
"1,1,2,2-Tetrachloroethane",-2.549,1,167.85,0,0,1,0.0,-1.74,ClC(Cl)C(Cl)Cl,<rdkit.DataStructs.cDataStructs.ExplicitBitVect object at 0x000001C74A47D230>,167.85,2.5938,0.0,0.0,0.0,
RTI 23,-4.228,1,283.331,1,3,2,54.46,-5.153,CCN2c1cc(OC)cc(C)c1NC(=O)c3cccnc23 ,<rdkit.DataStructs.cDataStructs.ExplicitBitVect object at 0x000001C74A47D070>,283.331,3.122320000000001,54.46,1.0,4.0,O=C1Nc2ccccc2Nc2ncccc21
2-Methylphenanthrene,-4.87,1,192.261,0,3,0,0.0,-5.84,Cc1ccc2c(ccc3ccccc32)c1,<rdkit.DataStructs.cDataStructs.ExplicitBitVect object at 0x000001C74A47CEB0>,192.261,4.301420000000003,0.0,0.0,0.0,c1ccc2c(c1)ccc1ccccc12
dibutylphthalate,-4.378,1,278.348,0,1,8,52.60000000000001,-4.4,CCCCOC(=O)c1ccccc1C(=O)OCCCC ,<rdkit.DataStructs.cDataStructs.ExplicitBitVect object at 0x000001C74A47CCF0>,278.348,3.600400000000003,52.60000000000001,0.0,4.0,c1ccccc1
tetrachloroguaiacol,-4.299,1,261.919,1,1,1,29.46,-4.02,COc1c(O)c(Cl)c(Cl)c(Cl)c1Cl ,<rdkit.DataStructs.cDataStructs.ExplicitBitVect object at 0x000001C74A47CB30>,261.919,4.014400000000001,29.46,1.0,2.0,c1ccccc1
Dimecron,-2.426,1,299.6909999999999,0,0,8,65.07000000000001,0.523,CCN(CC)C(=O)C(=CCOP(=O)(OC)OC)Cl,<rdkit.DataStructs.cDataStructs.ExplicitBitVect object at 0x000001C74A47C970>,299.6909999999999,2.3950000000000005,65.07000000000001,0.0,5.0,
Equilin,-3.555,1,268.356,1,4,0,37.3,-5.282,CC34CCC1C(=CCc2cc(O)ccc12)C3CCC4=O,<rdkit.DataStructs.cDataStructs.ExplicitBitVect object at 0x000001C74A47C7B0>,268.356,3.7375000000000025,37.3,1.0,2.0,O=C1CCC2C3=CCc4ccccc4C3CCC12
Chlorimuron-ethyl (ph 7),-3.719,1,414.82700000000017,1,2,8,127.79,-4.5760000000000005,CCOC(=O)c1ccccc1S(=O)(=O)NN(C=O)c2nc(Cl)cc(OC)n2,<rdkit.DataStructs.cDataStructs.ExplicitBitVect object at 0x000001C74A47C5F0>,414.82700000000017,1.1715999999999998,127.79,1.0,8.0,O=S(=O)(NNc1ncccn1)c1ccccc1
p-Nitroanisole,-2.522,1,153.13699999999997,0,1,2,52.37,-2.41,COc1ccc(cc1)N(=O)=O,<rdkit.DataStructs.cDataStructs.ExplicitBitVect object at 0x000001C74A47C430>,153.13699999999997,1.6033999999999997,52.37,0.0,3.0,c1ccccc1
1-Chlorohexane,-2.648,1,120.623,0,0,4,0.0,-3.12,CCCCCCCl,<rdkit.DataStructs.cDataStructs.ExplicitBitVect object at 0x000001C74A47C270>,120.623,2.805500000000001,0.0,0.0,0.0,
"2,2',3,3',4,4',5,5'-PCB",-8.468,1,429.77200000000016,0,2,1,0.0,-9.16,Clc1cc(c(Cl)c(Cl)c1Cl)c2cc(Cl)c(Cl)c(Cl)c2Cl,<rdkit.DataStructs.cDataStructs.ExplicitBitVect object at 0x000001C74A47C0B0>,429.77200000000016,8.580799999999998,0.0,0.0,0.0,c1ccc(-c2ccccc2)cc1
Raffinose,0.496,1,504.4380000000001,11,3,8,268.67999999999995,-0.41,OCC1OC(CO)(OC2OC(COC3OC(CO)C(O)C(O)C3O)C(O)C(O)C2O)C(O)C1O,<rdkit.DataStructs.cDataStructs.ExplicitBitVect object at 0x000001C74A480120>,504.43800000000005,-7.571399999999989,268.67999999999995,11.0,16.0,C1CCC(OCC2CCCC(OC3CCCO3)O2)OC1
hexacosane,-9.702,1,366.7180000000002,0,0,23,0.0,-8.334,CCCCCCCCCCCCCCCCCCCCCCCCCC,<rdkit.DataStructs.cDataStructs.ExplicitBitVect object at 0x000001C74A4802E0>,366.7180000000002,10.388599999999993,0.0,0.0,0.0,
RTI 5,-3.471,1,253.30499999999995,0,3,1,36.44,-3.324,CCN2c1ccccc1N(C)C(=O)c3cccnc23 ,<rdkit.DataStructs.cDataStructs.ExplicitBitVect object at 0x000001C74A4804A0>,253.30499999999995,2.829600000000001,36.44,0.0,3.0,O=C1Nc2ccccc2Nc2ncccc21
"1,1-Dichloroethane",-1.5759999999999998,1,98.96,0,0,0,0.0,-1.29,CC(Cl)Cl,<rdkit.DataStructs.cDataStructs.ExplicitBitVect object at 0x000001C74A480660>,98.96000000000001,1.81,0.0,0.0,0.0,
Sulfanilamide,-0.954,1,172.20899999999995,2,1,1,86.18,-1.34,Nc1ccc(cc1)S(N)(=O)=O,<rdkit.DataStructs.cDataStructs.ExplicitBitVect object at 0x000001C74A480820>,172.20899999999997,-0.08379999999999999,86.18,2.0,3.0,c1ccccc1
Isopropalin,-5.306,1,309.36600000000004,0,1,8,89.51999999999998,-6.49,CCCN(CCC)c1c(cc(cc1N(=O)=O)C(C)C)N(=O)=O,<rdkit.DataStructs.cDataStructs.ExplicitBitVect object at 0x000001C74A4809E0>,309.36600000000004,4.252800000000004,89.51999999999998,0.0,5.0,c1ccccc1
Lindane,-4.009,1,290.832,0,1,0,0.0,-4.64,ClC1C(Cl)C(Cl)C(Cl)C(Cl)C1Cl,<rdkit.DataStructs.cDataStructs.ExplicitBitVect object at 0x000001C74A480BA0>,290.832,3.644400000000001,0.0,0.0,0.0,C1CCCCC1
Isofenphos,-4.538,1,345.4010000000002,1,1,8,56.790000000000006,-4.194,CCOP(=S)(NC(C)C)Oc1ccccc1C(=O)OC(C)C,<rdkit.DataStructs.cDataStructs.ExplicitBitVect object at 0x000001C74A480D60>,345.4010000000002,3.8896000000000033,56.790000000000006,1.0,5.0,c1ccccc1
"1,2,3-Trichlorobenzene",-4.008,1,181.449,0,1,0,0.0,-4.0,Clc1cccc(Cl)c1Cl,<rdkit.DataStructs.cDataStructs.ExplicitBitVect object at 0x000001C74A480F20>,181.44899999999998,3.6468000000000007,0.0,0.0,0.0,c1ccccc1
Tetrachloromethane,-2.607,1,153.823,0,0,0,0.0,-2.31,ClC(Cl)(Cl)Cl,<rdkit.DataStructs.cDataStructs.ExplicitBitVect object at 0x000001C74A4810E0>,153.823,2.5529,0.0,0.0,0.0,
"3,4-Dichloronitrobenzene",-3.448,1,192.001,0,1,1,43.14,-3.2,O=N(=O)c1cc(Cl)c(Cl)cc1,<rdkit.DataStructs.cDataStructs.ExplicitBitVect object at 0x000001C74A4812A0>,192.001,2.901600000000001,43.14,0.0,2.0,c1ccccc1
Cyclooctanol,-2.14,1,128.215,1,1,0,20.23,-1.29,OC1CCCCCCC1,<rdkit.DataStructs.cDataStructs.ExplicitBitVect object at 0x000001C74A481460>,128.215,2.0915999999999997,20.23,1.0,1.0,C1CCCCCCC1
17a-Methyltestosterone,-4.073,1,302.4580000000001,1,4,0,37.3,-3.999,CC1(O)CCC2C3CCC4=CC(=O)CCC4(C)C3CCC21C,<rdkit.DataStructs.cDataStructs.ExplicitBitVect object at 0x000001C74A481620>,302.4580000000001,4.269300000000004,37.3,1.0,2.0,O=C1C=C2CCC3C4CCCC4CCC3C2CC1
Dulcin,-2.167,1,180.207,2,1,3,64.35,-2.17,CCOc1ccc(NC(N)=O)cc1,<rdkit.DataStructs.cDataStructs.ExplicitBitVect object at 0x000001C74A4817E0>,180.20699999999997,1.5758999999999999,64.35,2.0,2.0,c1ccccc1
"trans-1,4-Dimethylcyclohexane",-3.305,1,112.216,0,1,0,0.0,-4.47,C/C1CCC(\C)CC1,<rdkit.DataStructs.cDataStructs.ExplicitBitVect object at 0x000001C74A4819A0>,112.216,2.832600000000001,0.0,0.0,0.0,C1CCCCC1
"1,7-phenantroline",-2.994,2,180.21,0,3,0,25.78,-2.68,c1cnc2c(c1)ccc3ncccc23,<rdkit.DataStructs.cDataStructs.ExplicitBitVect object at 0x000001C74A481B60>,180.20999999999998,2.7830000000000004,25.78,0.0,2.0,c1cnc2c(c1)ccc1ncccc12
Methyl t-butyl ether ,-0.984,1,88.14999999999999,0,0,0,9.23,-0.24,COC(C)(C)C,<rdkit.DataStructs.cDataStructs.ExplicitBitVect object at 0x000001C74A481D20>,88.14999999999999,1.4313,9.23,0.0,1.0,
Anethole,-3.254,1,148.20499999999998,0,1,2,9.23,-3.13,COc1ccc(C=CC)cc1,<rdkit.DataStructs.cDataStructs.ExplicitBitVect object at 0x000001C74A481EE0>,148.20499999999998,2.728300000000001,9.23,0.0,1.0,c1ccccc1
1-Hexadecanol,-4.94,1,242.44699999999992,1,0,14,20.23,-7.0,CCCCCCCCCCCCCCCCO,<rdkit.DataStructs.cDataStructs.ExplicitBitVect object at 0x000001C74A4820A0>,242.44699999999992,5.460000000000006,20.23,1.0,1.0,
uracil,-0.441,1,112.088,2,1,0,65.72,-1.4880000000000002,O=c1cc[nH]c(=O)[nH]1 ,<rdkit.DataStructs.cDataStructs.ExplicitBitVect object at 0x000001C74A482260>,112.088,-0.9368000000000001,65.72,2.0,2.0,O=c1cc[nH]c(=O)[nH]1
adenine,-1.255,1,135.13,2,2,0,80.47999999999999,-2.12,Nc1ncnc2nc[nH]c12 ,<rdkit.DataStructs.cDataStructs.ExplicitBitVect object at 0x000001C74A482500>,135.13,-0.0648999999999999,80.47999999999999,2.0,4.0,c1ncc2[nH]cnc2n1
"2,2',3,4,5-PCB",-6.709,1,326.437,0,2,1,0.0,-7.21,Clc1cc(Cl)c(cc1Cl)c2cccc(Cl)c2Cl ,<rdkit.DataStructs.cDataStructs.ExplicitBitVect object at 0x000001C74A4826C0>,326.437,6.620600000000001,0.0,0.0,0.0,c1ccc(-c2ccccc2)cc1
Ancymidol,-2.181,1,256.30499999999995,1,3,4,55.24,-2.596,COc1ccc(cc1)C(O)(C2CC2)c3cncnc3 ,<rdkit.DataStructs.cDataStructs.ExplicitBitVect object at 0x000001C74A482880>,256.30499999999995,2.1311,55.24,1.0,4.0,c1ccc(C(c2cncnc2)C2CC2)cc1
Benzo(b)fluoranthene,-6.007000000000001,2,252.316,0,5,0,0.0,-8.23,c1ccc2c(c1)c3cccc4c3c2cc5ccccc54,<rdkit.DataStructs.cDataStructs.ExplicitBitVect object at 0x000001C74A482A40>,252.31599999999997,5.640400000000003,0.0,0.0,0.0,c1ccc2c(c1)-c1cccc3c1c-2cc1ccccc13
Carbanilide,-3.611,1,212.252,2,2,2,41.13,-3.15,O=C(Nc1ccccc1)Nc2ccccc2,<rdkit.DataStructs.cDataStructs.ExplicitBitVect object at 0x000001C74A482C00>,212.25199999999998,3.3306000000000013,41.13,2.0,1.0,O=C(Nc1ccccc1)Nc1ccccc1
phenobarbital,-2.272,1,232.239,2,2,2,75.27000000000001,-2.322,CCC1(C(=O)NC(=O)NC1=O)c2ccccc2 ,<rdkit.DataStructs.cDataStructs.ExplicitBitVect object at 0x000001C74A482DC0>,232.239,0.7003999999999997,75.27000000000001,2.0,3.0,O=C1NC(=O)C(c2ccccc2)C(=O)N1
"2',3,4-PCB",-5.686,1,257.547,0,2,1,0.0,-6.29,Clc1ccc(cc1)c2cccc(Cl)c2Cl ,<rdkit.DataStructs.cDataStructs.ExplicitBitVect object at 0x000001C74A482F80>,257.547,5.313800000000001,0.0,0.0,0.0,c1ccc(-c2ccccc2)cc1
Isoproturon,-2.867,1,206.289,1,1,2,32.34,-3.536,CC(C)c1ccc(NC(=O)N(C)C)cc1,<rdkit.DataStructs.cDataStructs.ExplicitBitVect object at 0x000001C74A483140>,206.289,2.903500000000001,32.34,1.0,1.0,c1ccccc1
Azintamide,-2.231,1,259.762,0,1,5,46.09,-1.716,CCN(CC)C(=O)CSc1ccc(Cl)nn1,<rdkit.DataStructs.cDataStructs.ExplicitBitVect object at 0x000001C74A483300>,259.762,2.0904999999999996,46.09,0.0,4.0,c1ccnnc1
"2,2-Dimethyl-1-butanol",-1.365,1,102.17699999999998,1,0,2,20.23,-1.04,CCC(C)(C)CO,<rdkit.DataStructs.cDataStructs.ExplicitBitVect object at 0x000001C74A4834C0>,102.17699999999998,1.4149,20.23,1.0,1.0,
Ethyl pentanoate,-1.899,1,130.18699999999998,0,0,4,26.3,-1.75,CCCOC(=O)CCC,<rdkit.DataStructs.cDataStructs.ExplicitBitVect object at 0x000001C74A483680>,130.18699999999998,1.7397,26.3,0.0,2.0,
"2,4,6-Trinitrotoluene",-2.6060000000000003,1,227.132,0,1,3,129.42000000000002,-3.22,Cc1c(cc(cc1N(=O)=O)N(=O)=O)N(=O)=O,<rdkit.DataStructs.cDataStructs.ExplicitBitVect object at 0x000001C74A483840>,227.13199999999998,1.7196200000000006,129.42000000000002,0.0,6.0,c1ccccc1
Bensulide,-4.99,1,397.52400000000006,1,1,10,64.63,-4.2,CC(C)OP(=S)(OC(C)C)SCCNS(=O)(=O)c1ccccc1,<rdkit.DataStructs.cDataStructs.ExplicitBitVect object at 0x000001C74A483A00>,397.52400000000006,3.7726000000000024,64.63,1.0,6.0,c1ccccc1
Cycloheptane,-2.9160000000000004,2,98.189,0,1,0,0.0,-3.51,C1CCCCCC1,<rdkit.DataStructs.cDataStructs.ExplicitBitVect object at 0x000001C74A483BC0>,98.18900000000001,2.7307000000000015,0.0,0.0,0.0,C1CCCCCC1
Propyl formate,-0.757,1,88.10599999999998,0,0,3,26.3,-0.49,CCCOC=O,<rdkit.DataStructs.cDataStructs.ExplicitBitVect object at 0x000001C74A483D80>,88.10599999999998,0.5694,26.3,0.0,2.0,
2-Isopropyltoluene,-3.585,1,134.22199999999995,0,1,1,0.0,-3.76,CC(C)c1ccccc1C,<rdkit.DataStructs.cDataStructs.ExplicitBitVect object at 0x000001C74A483F40>,134.22199999999995,3.118420000000002,0.0,0.0,0.0,c1ccccc1
m-Chloroaniline,-2.392,1,127.574,1,1,0,26.02,-1.37,Nc1cccc(Cl)c1,<rdkit.DataStructs.cDataStructs.ExplicitBitVect object at 0x000001C74A483E60>,127.574,1.9222,26.02,1.0,1.0,c1ccccc1
"2,4-Dimethylpentane",-2.938,1,100.20499999999998,0,0,2,0.0,-4.26,CC(C)CC(C)C,<rdkit.DataStructs.cDataStructs.ExplicitBitVect object at 0x000001C74A483CA0>,100.20499999999998,2.6885000000000012,0.0,0.0,0.0,
Dibenzofurane,-4.2010000000000005,2,168.195,0,3,0,13.14,-4.6,o1c2ccccc2c3ccccc13,<rdkit.DataStructs.cDataStructs.ExplicitBitVect object at 0x000001C74A483AE0>,168.195,3.586000000000002,13.14,0.0,1.0,c1ccc2c(c1)oc1ccccc12
ethofumesate,-3.184,1,286.34900000000005,0,2,4,61.830000000000005,-3.42,CCOC2Oc1ccc(OS(C)(=O)=O)cc1C2(C)C,<rdkit.DataStructs.cDataStructs.ExplicitBitVect object at 0x000001C74A483920>,286.34900000000005,2.0576,61.830000000000005,0.0,5.0,c1ccc2c(c1)CCO2
Fluometuron,-3.065,1,232.205,1,1,1,32.34,-3.43,CN(C)C(=O)Nc1cccc(c1)C(F)(F)F,<rdkit.DataStructs.cDataStructs.ExplicitBitVect object at 0x000001C74A483760>,232.20499999999996,2.7989000000000006,32.34,1.0,1.0,c1ccccc1
Acridine,-3.846,2,179.22199999999998,0,3,0,12.89,-3.67,c3ccc2nc1ccccc1cc2c3,<rdkit.DataStructs.cDataStructs.ExplicitBitVect object at 0x000001C74A4835A0>,179.22199999999998,3.3880000000000017,12.89,0.0,1.0,c1ccc2nc3ccccc3cc2c1
Cortisone,-2.893,1,360.45000000000016,2,4,2,91.67,-3.11,CC12CC(=O)C3C(CCC4=CC(=O)CCC34C)C2CCC1(O)C(=O)CO,<rdkit.DataStructs.cDataStructs.ExplicitBitVect object at 0x000001C74A4833E0>,360.45000000000016,1.9898000000000002,91.67,2.0,5.0,O=C1C=C2CCC3C4CCCC4CC(=O)C3C2CC1
glucose,0.501,1,180.156,5,1,1,110.38,0.74,OCC1OC(O)C(O)C(O)C1O,<rdkit.DataStructs.cDataStructs.ExplicitBitVect object at 0x000001C74A483220>,180.156,-3.2214000000000005,110.38000000000001,5.0,6.0,C1CCOCC1
3-Methylphenol,-2.313,1,108.14,1,1,0,20.23,-0.68,Cc1cccc(O)c1,<rdkit.DataStructs.cDataStructs.ExplicitBitVect object at 0x000001C74A483060>,108.13999999999999,1.7006199999999998,20.23,1.0,1.0,c1ccccc1
Indapamide,-4.345,1,365.842,2,3,3,92.5,-3.5860000000000003,CC2Cc1ccccc1N2NC(=O)c3ccc(Cl)c(c3)S(N)(=O)=O ,<rdkit.DataStructs.cDataStructs.ExplicitBitVect object at 0x000001C74A482EA0>,365.84200000000004,2.0834,92.5,2.0,4.0,O=C(NN1CCc2ccccc21)c1ccccc1
Lovastatin,-4.731,1,404.54700000000025,1,3,6,72.83,-6.005,CCC(C)C(=O)OC2CC(C)C=C3C=CC(C)C(CCC1CC(O)CC(=O)O1)C23 ,<rdkit.DataStructs.cDataStructs.ExplicitBitVect object at 0x000001C74A482CE0>,404.54700000000025,4.195500000000004,72.83,1.0,5.0,O=C1CCCC(CCC2CC=CC3=CCCCC32)O1
"1,4-Dinitrobenzene",-2.281,1,168.10799999999995,0,1,2,86.28,-3.39,O=N(=O)c1ccc(cc1)N(=O)=O,<rdkit.DataStructs.cDataStructs.ExplicitBitVect object at 0x000001C74A482B20>,168.10799999999995,1.503,86.28,0.0,4.0,c1ccccc1
Reposal,-2.781,1,262.309,2,3,2,75.27000000000001,-2.696,CCC1(C(=O)NC(=O)NC1=O)C2=CCC3CCC2C3,<rdkit.DataStructs.cDataStructs.ExplicitBitVect object at 0x000001C74A482960>,262.30899999999997,1.4951999999999999,75.27000000000001,2.0,3.0,O=C1NC(=O)C(C2=CCC3CCC2C3)C(=O)N1
Ethyl decanoate,-3.671,1,200.322,0,0,9,26.3,-4.1,CCCCCCCCCC(=O)OCC,<rdkit.DataStructs.cDataStructs.ExplicitBitVect object at 0x000001C74A4827A0>,200.32199999999997,3.6902000000000026,26.3,0.0,2.0,
Fenuron,-1.847,1,164.208,1,1,1,32.34,-1.6,CN(C)C(=O)Nc1ccccc1,<rdkit.DataStructs.cDataStructs.ExplicitBitVect object at 0x000001C74A4825E0>,164.208,1.7801,32.34,1.0,1.0,c1ccccc1
Ethyl propyl ether,-1.072,1,88.14999999999999,0,0,3,9.23,-0.66,CCCOCC,<rdkit.DataStructs.cDataStructs.ExplicitBitVect object at 0x000001C74A482420>,88.14999999999999,1.4329,9.23,0.0,1.0,
2-Propanol,-0.261,1,60.096,1,0,0,20.23,0.43,CC(C)O,<rdkit.DataStructs.cDataStructs.ExplicitBitVect object at 0x000001C74A482180>,60.096000000000004,0.38710000000000006,20.23,1.0,1.0,
2-Methylnapthalene,-3.802,1,142.201,0,2,0,0.0,-3.77,Cc1ccc2ccccc2c1,<rdkit.DataStructs.cDataStructs.ExplicitBitVect object at 0x000001C74A481FC0>,142.201,3.148220000000001,0.0,0.0,0.0,c1ccc2ccccc2c1
Chlorodibromethane,-2.54,1,208.28,0,0,0,0.0,-1.9,ClC(Br)Br,<rdkit.DataStructs.cDataStructs.ExplicitBitVect object at 0x000001C74A481E00>,208.28,2.2986000000000004,0.0,0.0,0.0,
Hexestrol,-4.854,1,270.372,2,2,5,40.46,-4.43,CCC(C(CC)c1ccc(O)cc1)c2ccc(O)cc2,<rdkit.DataStructs.cDataStructs.ExplicitBitVect object at 0x000001C74A481C40>,270.372,4.785200000000005,40.46,2.0,2.0,c1ccc(CCc2ccccc2)cc1
Malathion,-3.391,1,330.3640000000001,0,0,9,71.06,-3.37,CCOC(=O)CC(SP(=S)(OC)OC)C(=O)OCC,<rdkit.DataStructs.cDataStructs.ExplicitBitVect object at 0x000001C74A481A80>,330.3640000000001,2.1218000000000004,71.06,0.0,8.0,
Benzylchloride,-2.887,1,126.58599999999996,0,1,1,0.0,-2.39,ClCc1ccccc1,<rdkit.DataStructs.cDataStructs.ExplicitBitVect object at 0x000001C74A4818C0>,126.58599999999996,2.4254000000000007,0.0,0.0,0.0,c1ccccc1
t-Crotonaldehyde,-0.604,1,70.09100000000001,0,0,1,17.07,0.32,C/C=C/C=O,<rdkit.DataStructs.cDataStructs.ExplicitBitVect object at 0x000001C74A481700>,70.09100000000001,0.7614000000000001,17.07,0.0,1.0,
Chlorbromuron,-3.938,1,293.548,1,1,2,41.57,-3.924,CON(C)C(=O)Nc1ccc(Br)c(Cl)c1,<rdkit.DataStructs.cDataStructs.ExplicitBitVect object at 0x000001C74A481540>,293.548,3.127600000000002,41.57,1.0,2.0,c1ccccc1
"9,10-Dimethylanthracene",-5.228,1,206.288,0,3,0,0.0,-6.57,Cc1c2ccccc2c(C)c3ccccc13,<rdkit.DataStructs.cDataStructs.ExplicitBitVect object at 0x000001C74A481380>,206.28799999999998,4.609840000000004,0.0,0.0,0.0,c1ccc2cc3ccccc3cc2c1
Methyl hexanoate,-1.899,1,130.18699999999998,0,0,4,26.3,-1.87,CCCCCC(=O)OC,<rdkit.DataStructs.cDataStructs.ExplicitBitVect object at 0x000001C74A4811C0>,130.18699999999998,1.7397,26.3,0.0,2.0,
Dimefuron,-3.831,1,338.79500000000013,1,2,2,80.37,-4.328,CN(C)C(=O)Nc1ccc(c(Cl)c1)n2nc(oc2=O)C(C)(C)C,<rdkit.DataStructs.cDataStructs.ExplicitBitVect object at 0x000001C74A481000>,338.79500000000013,2.8699000000000012,80.37,1.0,4.0,O=c1ocnn1-c1ccccc1
p-Fluoroacetanilide,-2.181,1,153.156,1,1,1,29.1,-1.78,CC(=O)Nc1ccc(F)cc1,<rdkit.DataStructs.cDataStructs.ExplicitBitVect object at 0x000001C74A480E40>,153.156,1.7840999999999998,29.1,1.0,1.0,c1ccccc1
alachlor,-3.319,1,269.77199999999993,0,1,6,29.54,-3.26,CCc1cccc(CC)c1N(COC)C(=O)CCl ,<rdkit.DataStructs.cDataStructs.ExplicitBitVect object at 0x000001C74A480C80>,269.77199999999993,2.9871000000000016,29.54,0.0,2.0,c1ccccc1
Cyclohexene,-2.16,2,82.146,0,1,0,0.0,-2.59,C1CCC=CC1,<rdkit.DataStructs.cDataStructs.ExplicitBitVect object at 0x000001C74A480AC0>,82.146,2.1166,0.0,0.0,0.0,C1=CCCCC1
Hydrocortisone ,-3.159,1,362.4660000000002,3,4,2,94.83,-3.09,CC12CC(O)C3C(CCC4=CC(=O)CCC34C)C2CCC1(O)C(=O)CO,<rdkit.DataStructs.cDataStructs.ExplicitBitVect object at 0x000001C74A480900>,362.4660000000002,1.7815999999999996,94.83,3.0,5.0,O=C1C=C2CCC3C4CCCC4CCC3C2CC1
Pyrimidine,-0.884,2,80.08999999999999,0,1,0,25.78,1.1,c1cncnc1,<rdkit.DataStructs.cDataStructs.ExplicitBitVect object at 0x000001C74A480740>,80.08999999999999,0.4765999999999999,25.78,0.0,2.0,c1cncnc1
p-Chloronitrobenzene,-2.901,1,157.55599999999998,0,1,1,43.14,-2.92,Clc1ccc(cc1)N(=O)=O,<rdkit.DataStructs.cDataStructs.ExplicitBitVect object at 0x000001C74A480580>,157.55599999999998,2.2482000000000006,43.14,0.0,2.0,c1ccccc1
Methyl propionate,-0.836,1,88.106,0,0,1,26.3,-0.14,CCC(=O)OC,<rdkit.DataStructs.cDataStructs.ExplicitBitVect object at 0x000001C74A4803C0>,88.106,0.5694,26.3,0.0,2.0,
o-Chloronitrobenzene,-2.775,1,157.55599999999998,0,1,1,43.14,-2.55,Clc1ccccc1N(=O)=O,<rdkit.DataStructs.cDataStructs.ExplicitBitVect object at 0x000001C74A480200>,157.55599999999998,2.2481999999999998,43.14,0.0,2.0,c1ccccc1
Neburon,-4.157,1,275.179,1,1,4,32.34,-4.77,CCCCN(C)C(=O)Nc1ccc(Cl)c(Cl)c1,<rdkit.DataStructs.cDataStructs.ExplicitBitVect object at 0x000001C74A480040>,275.179,4.257200000000004,32.34,1.0,1.0,c1ccccc1
Buthidazole,-2.398,1,256.331,1,2,1,69.56,-1.877,CN1CC(O)N(C1=O)c2nnc(s2)C(C)(C)C,<rdkit.DataStructs.cDataStructs.ExplicitBitVect object at 0x000001C74A484190>,256.33099999999996,1.0257999999999998,69.56,1.0,5.0,O=C1NCCN1c1nncs1
Nitrobenzene,-2.2880000000000003,1,123.11099999999996,0,1,1,43.14,-1.8,O=N(=O)c1ccccc1,<rdkit.DataStructs.cDataStructs.ExplicitBitVect object at 0x000001C74A484350>,123.11099999999996,1.5948,43.14,0.0,2.0,c1ccccc1
Iodobenzene,-3.8,1,204.01,0,1,0,0.0,-3.01,Ic1ccccc1,<rdkit.DataStructs.cDataStructs.ExplicitBitVect object at 0x000001C74A484510>,204.01000000000002,2.2912,0.0,0.0,0.0,c1ccccc1
Metolazone,-3.777,1,365.8420000000001,2,3,2,92.5,-3.78,CC2Nc1cc(Cl)c(cc1C(=O)N2c3ccccc3C)S(N)(=O)=O ,<rdkit.DataStructs.cDataStructs.ExplicitBitVect object at 0x000001C74A4846D0>,365.8420000000001,2.7141199999999994,92.5,2.0,4.0,O=C1c2ccccc2NCN1c1ccccc1
Methocarbamol,-1.4280000000000002,1,241.24299999999997,2,1,6,91.01,-0.985,COc1ccccc1OCC(O)COC(N)=O,<rdkit.DataStructs.cDataStructs.ExplicitBitVect object at 0x000001C74A484890>,241.24299999999994,0.5302000000000002,91.00999999999999,2.0,5.0,c1ccccc1
butachlor,-4.347,1,311.85300000000007,0,1,9,29.54,-4.19,CCCCOCN(C(=O)CCl)c1c(CC)cccc1CC ,<rdkit.DataStructs.cDataStructs.ExplicitBitVect object at 0x000001C74A484A50>,311.85300000000007,4.1574000000000035,29.54,0.0,2.0,c1ccccc1
"2,3-Dichlorophenol",-3.144,1,163.003,1,1,0,20.23,-1.3,Oc1cccc(Cl)c1Cl,<rdkit.DataStructs.cDataStructs.ExplicitBitVect object at 0x000001C74A484C10>,163.003,2.699,20.23,1.0,1.0,c1ccccc1
Propyl butyrate,-1.1909999999999998,1,102.13299999999998,0,0,2,26.3,-1.92,CCCC(=O)OC,<rdkit.DataStructs.cDataStructs.ExplicitBitVect object at 0x000001C74A484DD0>,102.13299999999998,0.9595,26.3,0.0,2.0,
Propanil,-3.644,1,218.083,1,1,2,29.1,-3.0,CCC(=O)Nc1ccc(Cl)c(Cl)c1,<rdkit.DataStructs.cDataStructs.ExplicitBitVect object at 0x000001C74A484F90>,218.08299999999997,3.3419000000000016,29.1,1.0,1.0,c1ccccc1
Triamterene,-3.051,1,253.26900000000003,3,3,1,129.62,-2.404,Nc3nc(N)c2nc(c1ccccc1)c(N)nc2n3,<rdkit.DataStructs.cDataStructs.ExplicitBitVect object at 0x000001C74A485150>,253.26900000000003,0.8334000000000001,129.62,3.0,7.0,c1ccc(-c2cnc3ncncc3n2)cc1
Ethyl hexanoate,-2.254,1,144.21399999999997,0,0,5,26.3,-2.35,CCCCCC(=O)OCC,<rdkit.DataStructs.cDataStructs.ExplicitBitVect object at 0x000001C74A485310>,144.21399999999997,2.1298000000000004,26.3,0.0,2.0,
chloralose,-1.887,1,309.529,3,2,2,88.38000000000001,-1.84,OCC(O)C2OC1OC(OC1C2O)C(Cl)(Cl)Cl ,<rdkit.DataStructs.cDataStructs.ExplicitBitVect object at 0x000001C74A4854D0>,309.529,-0.46289999999999937,88.38000000000001,3.0,6.0,C1CC2OCOC2O1
Amitraz,-5.533,1,293.41400000000004,0,2,4,27.96,-5.47,CN(C=Nc1ccc(C)cc1C)C=Nc2ccc(C)cc2C,<rdkit.DataStructs.cDataStructs.ExplicitBitVect object at 0x000001C74A485690>,293.41400000000004,4.871880000000004,27.96,0.0,2.0,C(=Nc1ccccc1)NC=Nc1ccccc1
Prometon,-3.448,1,225.296,2,1,5,71.96000000000001,-2.478,COc1nc(NC(C)C)nc(NC(C)C)n1,<rdkit.DataStructs.cDataStructs.ExplicitBitVect object at 0x000001C74A485850>,225.296,1.5208,71.96000000000001,2.0,6.0,c1ncncn1
1-Octene ,-3.073,1,112.216,0,0,5,0.0,-4.44,CCCCCCC=C,<rdkit.DataStructs.cDataStructs.ExplicitBitVect object at 0x000001C74A485A10>,112.216,3.142800000000002,0.0,0.0,0.0,
p-Methylaniline ,-1.954,1,107.156,1,1,0,26.02,-1.21,Cc1ccc(N)cc1,<rdkit.DataStructs.cDataStructs.ExplicitBitVect object at 0x000001C74A485BD0>,107.156,1.5772199999999998,26.02,1.0,1.0,c1ccccc1
aminothiazole,-1.226,1,100.146,1,1,0,38.91,-0.36,Nc1nccs1 ,<rdkit.DataStructs.cDataStructs.ExplicitBitVect object at 0x000001C74A485D90>,100.14599999999999,0.7253000000000001,38.91,1.0,3.0,c1cscn1
Metolcarb,-1.947,1,151.165,1,1,1,38.33,-1.803,c1ccccc1(OC(=O)NC),<rdkit.DataStructs.cDataStructs.ExplicitBitVect object at 0x000001C74A485F50>,151.165,1.4048,38.33,1.0,2.0,c1ccccc1
3-Hexanol,-1.324,1,102.177,1,0,3,20.23,-0.8,CCCC(O)CC,<rdkit.DataStructs.cDataStructs.ExplicitBitVect object at 0x000001C74A486110>,102.17699999999999,1.5574,20.23,1.0,1.0,
9-anthrol,-4.148,1,194.233,1,3,0,20.23,-4.73,c3ccc2c(O)c1ccccc1cc2c3 ,<rdkit.DataStructs.cDataStructs.ExplicitBitVect object at 0x000001C74A4862D0>,194.23299999999998,3.6986000000000017,20.23,1.0,1.0,c1ccc2cc3ccccc3cc2c1
2-Methylanthracene,-4.87,1,192.261,0,3,0,0.0,-6.96,Cc1ccc2cc3ccccc3cc2c1,<rdkit.DataStructs.cDataStructs.ExplicitBitVect object at 0x000001C74A486490>,192.261,4.301420000000002,0.0,0.0,0.0,c1ccc2cc3ccccc3cc2c1
"1,2,3-Trimethylbenzene ",-3.312,1,120.195,0,1,0,0.0,-3.2,Cc1cccc(C)c1C,<rdkit.DataStructs.cDataStructs.ExplicitBitVect object at 0x000001C74A486650>,120.195,2.611860000000001,0.0,0.0,0.0,c1ccccc1
Aminocarb,-2.677,1,208.261,1,1,2,41.57,-2.36,CNC(=O)Oc1ccc(N(C)C)c(C)c1,<rdkit.DataStructs.cDataStructs.ExplicitBitVect object at 0x000001C74A486810>,208.26099999999997,1.77922,41.57,1.0,3.0,c1ccccc1
2-Nonanol,-2.387,1,144.258,1,0,6,20.23,-2.74,CCCCCCCC(C)O,<rdkit.DataStructs.cDataStructs.ExplicitBitVect object at 0x000001C74A4869D0>,144.258,2.727700000000002,20.23,1.0,1.0,
Methyldymron,-3.863,1,268.36,1,2,3,32.34,-3.35,CN(C(=O)NC(C)(C)c1ccccc1)c2ccccc2,<rdkit.DataStructs.cDataStructs.ExplicitBitVect object at 0x000001C74A486B90>,268.36,3.767700000000003,32.34,1.0,1.0,O=C(NCc1ccccc1)Nc1ccccc1
3-Hexanone,-1.266,1,100.161,0,0,3,17.07,-0.83,CCCC(=O)CC,<rdkit.DataStructs.cDataStructs.ExplicitBitVect object at 0x000001C74A486D50>,100.16099999999999,1.7656,17.07,0.0,1.0,
bromoxynil,-3.793,1,276.915,1,1,0,44.02,-3.33,Oc1c(Br)cc(C#N)cc1Br ,<rdkit.DataStructs.cDataStructs.ExplicitBitVect object at 0x000001C74A486F10>,276.91499999999996,2.78888,44.019999999999996,1.0,2.0,c1ccccc1
"3,4-PCB",-5.223,1,223.102,0,2,1,0.0,-6.39,Clc1ccc(cc1Cl)c2ccccc2 ,<rdkit.DataStructs.cDataStructs.ExplicitBitVect object at 0x000001C74A4870D0>,223.102,4.660400000000002,0.0,0.0,0.0,c1ccc(-c2ccccc2)cc1
Mefenacet,-4.504,1,298.367,0,3,4,42.43000000000001,-4.873,CN(C(=O)COc1nc2ccccc2s1)c3ccccc3,<rdkit.DataStructs.cDataStructs.ExplicitBitVect object at 0x000001C74A487290>,298.367,3.3381000000000016,42.43000000000001,0.0,4.0,O=C(COc1nc2ccccc2s1)Nc1ccccc1
5-hydroxyquinoline,-2.725,1,145.161,1,2,0,33.120000000000005,-2.54,Oc1cccc2ncccc12 ,<rdkit.DataStructs.cDataStructs.ExplicitBitVect object at 0x000001C74A487450>,145.161,1.9404,33.120000000000005,1.0,2.0,c1ccc2ncccc2c1
Carboxin,-2.927,1,235.308,1,2,2,38.33,-3.14,CC1=C(SCCO1)C(=O)Nc2ccccc2,<rdkit.DataStructs.cDataStructs.ExplicitBitVect object at 0x000001C74A487610>,235.30800000000002,2.620000000000001,38.33,1.0,3.0,O=C(Nc1ccccc1)C1=COCCS1
Ethoxyzolamide,-3.085,1,258.324,1,2,3,82.28,-3.81,CCOc2ccc1nc(sc1c2)S(N)(=O)=O ,<rdkit.DataStructs.cDataStructs.ExplicitBitVect object at 0x000001C74A4877D0>,258.324,1.3424,82.28,1.0,5.0,c1ccc2scnc2c1
Pentachlorophenol,-4.835,1,266.338,1,1,0,20.23,-4.28,Oc1c(Cl)c(Cl)c(Cl)c(Cl)c1Cl,<rdkit.DataStructs.cDataStructs.ExplicitBitVect object at 0x000001C74A487990>,266.33799999999997,4.6592,20.23,1.0,1.0,c1ccccc1
Bromochloromethane,-1.519,1,129.384,0,0,0,0.0,-0.89,ClCBr,<rdkit.DataStructs.cDataStructs.ExplicitBitVect object at 0x000001C74A487B50>,129.384,1.5776,0.0,0.0,0.0,
metharbital,-1.658,1,198.222,1,1,2,66.48,-2.23,CCC1(CC)C(=O)NC(=O)N(C)C1=O ,<rdkit.DataStructs.cDataStructs.ExplicitBitVect object at 0x000001C74A487D10>,198.22199999999998,0.5009999999999999,66.48,1.0,3.0,O=C1CC(=O)NC(=O)N1
deoxycorticosterone acetate,-4.472,1,372.5050000000002,0,4,3,60.440000000000005,-4.63,CC(=O)OCC(=O)C3CCC4C2CCC1=CC(=O)CCC1(C)C2CCC34C ,<rdkit.DataStructs.cDataStructs.ExplicitBitVect object at 0x000001C74A487ED0>,372.5050000000002,4.266700000000004,60.440000000000005,0.0,4.0,O=C1C=C2CCC3C4CCCC4CCC3C2CC1
benzylurea,-1.509,1,150.18099999999998,2,1,2,55.120000000000005,-0.95,NC(=O)NCc1ccccc1 ,<rdkit.DataStructs.cDataStructs.ExplicitBitVect object at 0x000001C74A487DF0>,150.18099999999998,0.8548999999999998,55.120000000000005,2.0,1.0,c1ccccc1
Chlortoluron,-3.048,1,212.68,1,1,1,32.34,-3.483,CN(C)C(=O)Nc1ccc(C)c(Cl)c1,<rdkit.DataStructs.cDataStructs.ExplicitBitVect object at 0x000001C74A487C30>,212.67999999999998,2.7419200000000012,32.34,1.0,1.0,c1ccccc1
Linuron,-3.5810000000000004,1,249.097,1,1,2,41.57,-3.592,CON(C)C(=O)Nc1ccc(Cl)c(Cl)c1,<rdkit.DataStructs.cDataStructs.ExplicitBitVect object at 0x000001C74A487A70>,249.09699999999998,3.0185000000000013,41.57,1.0,2.0,c1ccccc1
Cycloheptanol,-1.7,1,114.188,1,1,0,20.23,-0.88,OC1CCCCCC1,<rdkit.DataStructs.cDataStructs.ExplicitBitVect object at 0x000001C74A4878B0>,114.188,1.7015,20.23,1.0,1.0,C1CCCCCC1
Thiamphenicol,-1.936,1,356.2270000000001,3,1,6,103.70000000000002,-2.154,CS(=O)(=O)c1ccc(cc1)C(O)C(CO)NC(=O)C(Cl)Cl ,<rdkit.DataStructs.cDataStructs.ExplicitBitVect object at 0x000001C74A4876F0>,356.2270000000001,0.40430000000000027,103.70000000000002,3.0,5.0,c1ccccc1
thiopental,-2.96,1,242.344,2,1,4,58.2,-3.36,CCCC(C)C1(CC)C(=O)NC(=S)NC1=O ,<rdkit.DataStructs.cDataStructs.ExplicitBitVect object at 0x000001C74A487530>,242.34400000000002,1.3498999999999999,58.2,2.0,3.0,O=C1CC(=O)NC(=S)N1
acetazolamide,-0.7929999999999999,1,222.251,2,1,2,115.04,-2.36,CC(=O)Nc1nnc(s1)S(N)(=O)=O ,<rdkit.DataStructs.cDataStructs.ExplicitBitVect object at 0x000001C74A487370>,222.251,-0.8561000000000003,115.03999999999999,2.0,6.0,c1nncs1
p-Nitrophenol,-2.318,1,139.11,1,1,1,63.37,-0.74,Oc1ccc(cc1)N(=O)=O,<rdkit.DataStructs.cDataStructs.ExplicitBitVect object at 0x000001C74A4871B0>,139.10999999999999,1.3003999999999998,63.37,1.0,3.0,c1ccccc1
Aldrin,-5.511,1,364.914,0,4,0,0.0,-6.307,ClC1=C(Cl)C2(Cl)C3C4CC(C=C4)C3C1(Cl)C2(Cl)Cl,<rdkit.DataStructs.cDataStructs.ExplicitBitVect object at 0x000001C74A486FF0>,364.914,5.270200000000002,0.0,0.0,0.0,C1=CC2CC1C1C3C=CC(C3)C21
Tetrahydrofurane ,-0.62,2,72.107,0,1,0,9.23,0.49,C1CCOC1,<rdkit.DataStructs.cDataStructs.ExplicitBitVect object at 0x000001C74A486E30>,72.107,0.7968,9.23,0.0,1.0,C1CCOC1
o-Nitroaniline,-2.277,1,138.126,1,1,1,69.16,-1.96,Nc1ccccc1N(=O)=O,<rdkit.DataStructs.cDataStructs.ExplicitBitVect object at 0x000001C74A486C70>,138.126,1.177,69.16,1.0,3.0,c1ccccc1
"2,2',3,3'-PCB",-6.079,1,291.992,0,2,1,0.0,-7.28,Clc1cccc(c1Cl)c2cccc(Cl)c2Cl,<rdkit.DataStructs.cDataStructs.ExplicitBitVect object at 0x000001C74A486AB0>,291.99199999999996,5.967200000000002,0.0,0.0,0.0,c1ccc(-c2ccccc2)cc1
phenylbutazone,-4.0760000000000005,1,308.38100000000003,0,3,5,40.620000000000005,-3.81,CCCCC1C(=O)N(N(C1=O)c2ccccc2)c3ccccc3 ,<rdkit.DataStructs.cDataStructs.ExplicitBitVect object at 0x000001C74A4868F0>,308.38100000000003,3.7878000000000025,40.620000000000005,0.0,2.0,O=C1CC(=O)N(c2ccccc2)N1c1ccccc1
"2,6-Dinitrotoluene",-2.553,1,182.135,0,1,2,86.28,-3.0,Cc1c(cccc1N(=O)=O)N(=O)=O,<rdkit.DataStructs.cDataStructs.ExplicitBitVect object at 0x000001C74A486730>,182.135,1.8114200000000005,86.28,0.0,4.0,c1ccccc1
Progesterone,-4.17,1,314.46900000000005,0,4,1,34.14,-4.42,CC(=O)C1CCC2C3CCC4=CC(=O)CCC4(C)C3CCC12C,<rdkit.DataStructs.cDataStructs.ExplicitBitVect object at 0x000001C74A486570>,314.46900000000005,4.723500000000005,34.14,0.0,2.0,O=C1C=C2CCC3C4CCCC4CCC3C2CC1
Chlorazine,-3.663,1,257.76899999999995,0,1,6,45.150000000000006,-4.4110000000000005,CCN(CC)c1nc(Cl)nc(n1)N(CC)CC,<rdkit.DataStructs.cDataStructs.ExplicitBitVect object at 0x000001C74A4863B0>,257.76899999999995,2.2173999999999996,45.150000000000006,0.0,5.0,c1ncncn1
captafol,-4.365,1,349.06600000000014,0,2,3,37.38,-5.4,ClC(Cl)C(Cl)(Cl)SN2C(=O)C1CC=CCC1C2=O ,<rdkit.DataStructs.cDataStructs.ExplicitBitVect object at 0x000001C74A4861F0>,349.06600000000014,3.520900000000001,37.38,0.0,3.0,O=C1NC(=O)C2CC=CCC12
"1,2,4-tribromobenzene",-5.144,1,314.802,0,1,0,0.0,-4.5,c1(Br)c(Br)cc(Br)cc1,<rdkit.DataStructs.cDataStructs.ExplicitBitVect object at 0x000001C74A486030>,314.802,3.974100000000001,0.0,0.0,0.0,c1ccccc1
Oxazepam,-3.517,1,286.718,2,3,1,61.690000000000005,-3.952,OC3N=C(c1ccccc1)c2cc(Cl)ccc2NC3=O ,<rdkit.DataStructs.cDataStructs.ExplicitBitVect object at 0x000001C74A485E70>,286.718,2.4478999999999997,61.690000000000005,2.0,3.0,O=C1CN=C(c2ccccc2)c2ccccc2N1
Secobarbital,-2.415,1,238.28699999999995,2,1,5,75.27000000000001,-2.356,O=C1NC(=O)NC(=O)C1(C(C)CCC)CC=C,<rdkit.DataStructs.cDataStructs.ExplicitBitVect object at 0x000001C74A485CB0>,238.28699999999995,1.3510999999999993,75.27000000000001,2.0,3.0,O=C1CC(=O)NC(=O)N1
Carvacrol,-3.224,1,150.22099999999998,1,1,1,20.23,-2.08,c1(O)c(C)ccc(C(C)C)c1,<rdkit.DataStructs.cDataStructs.ExplicitBitVect object at 0x000001C74A485AF0>,150.22099999999998,2.824020000000001,20.23,1.0,1.0,c1ccccc1
rhodanine,-0.396,1,133.197,1,1,0,29.1,-1.77,C1SC(=S)NC1(=O),<rdkit.DataStructs.cDataStructs.ExplicitBitVect object at 0x000001C74A485930>,133.197,0.13429999999999997,29.1,1.0,3.0,O=C1CSC(=S)N1
Morin,-2.7310000000000003,1,302.23800000000006,5,3,1,131.36,-3.083,Oc1ccc(c(O)c1)c3oc2cc(O)cc(O)c2c(=O)c3O ,<rdkit.DataStructs.cDataStructs.ExplicitBitVect object at 0x000001C74A485770>,302.23800000000006,1.9879999999999995,131.35999999999999,5.0,7.0,O=c1cc(-c2ccccc2)oc2ccccc12
Kepone,-5.112,1,490.6390000000001,0,6,0,17.07,-5.259,ClC1(C(=O)C2(Cl)C3(Cl)C14Cl)C5(Cl)C2(Cl)C3(Cl)C(Cl)(Cl)C45Cl,<rdkit.DataStructs.cDataStructs.ExplicitBitVect object at 0x000001C74A4855B0>,490.6390000000001,4.6182,17.07,0.0,1.0,O=C1C2C3C4CC5C3C1C5C42
Disulfiram,-3.862,1,296.5520000000001,0,0,4,6.48,-4.86,CCN(CC)C(=S)SSC(=S)N(CC)CC,<rdkit.DataStructs.cDataStructs.ExplicitBitVect object at 0x000001C74A4853F0>,296.5520000000001,3.6212000000000026,6.48,0.0,4.0,
Cyclohexane,-2.477,2,84.162,0,1,0,0.0,-3.1,C1CCCCC1,<rdkit.DataStructs.cDataStructs.ExplicitBitVect object at 0x000001C74A485230>,84.162,2.3406000000000002,0.0,0.0,0.0,C1CCCCC1
Dienochlor,-7.848,1,474.64,0,2,1,0.0,-7.278,ClC1=C(Cl)C(Cl)(C(=C1Cl)Cl)C2(Cl)C(=C(Cl)C(=C2Cl)Cl)Cl,<rdkit.DataStructs.cDataStructs.ExplicitBitVect object at 0x000001C74A485070>,474.64,7.725599999999999,0.0,0.0,0.0,C1=CC(C2C=CC=C2)C=C1
chlordimeform,-3.164,1,196.681,0,1,2,15.6,-2.86,CN(C)C=Nc1ccc(Cl)cc1C,<rdkit.DataStructs.cDataStructs.ExplicitBitVect object at 0x000001C74A484EB0>,196.68099999999998,2.8698200000000007,15.6,0.0,1.0,c1ccccc1
Equilenin,-3.927,1,266.34,1,4,0,37.3,-5.24,CC34CCc1c(ccc2cc(O)ccc12)C3CCC4=O,<rdkit.DataStructs.cDataStructs.ExplicitBitVect object at 0x000001C74A484CF0>,266.34,3.9444000000000026,37.3,1.0,2.0,O=C1CCC2c3ccc4ccccc4c3CCC12
1-Octanol,-2.105,1,130.23100000000002,1,0,6,20.23,-2.39,CCCCCCCCO,<rdkit.DataStructs.cDataStructs.ExplicitBitVect object at 0x000001C74A484B30>,130.23100000000002,2.3392000000000013,20.23,1.0,1.0,
Diethyl sulfide,-1.598,1,90.191,0,0,2,0.0,-1.34,CCSCC,<rdkit.DataStructs.cDataStructs.ExplicitBitVect object at 0x000001C74A484970>,90.191,1.7593999999999999,0.0,0.0,1.0,
"1,2-Dichloroethane",-1.374,1,98.96,0,0,1,0.0,-1.06,ClCCCl,<rdkit.DataStructs.cDataStructs.ExplicitBitVect object at 0x000001C74A4847B0>,98.96000000000001,1.464,0.0,0.0,0.0,
2-Chloro-2-methylbutane,-2.278,1,106.596,0,0,1,0.0,-2.51,CCC(C)(C)Cl,<rdkit.DataStructs.cDataStructs.ExplicitBitVect object at 0x000001C74A4845F0>,106.59599999999999,2.4138,0.0,0.0,0.0,
1-Chloro-2-bromoethane,-1.7380000000000002,1,143.411,0,0,1,0.0,-1.32,ClCCBr,<rdkit.DataStructs.cDataStructs.ExplicitBitVect object at 0x000001C74A484430>,143.411,1.6200999999999999,0.0,0.0,0.0,
p-Nitroaniline,-1.936,1,138.126,1,1,1,69.16,-2.37,Nc1ccc(cc1)N(=O)=O,<rdkit.DataStructs.cDataStructs.ExplicitBitVect object at 0x000001C74A484270>,138.126,1.177,69.16,1.0,3.0,c1ccccc1
Lactose,1.071,1,342.297,8,2,4,189.53,-0.244,OCC1OC(OC2C(O)C(O)C(O)OC2CO)C(O)C(O)C1O,<rdkit.DataStructs.cDataStructs.ExplicitBitVect object at 0x000001C74A4840B0>,342.297,-5.397199999999993,189.52999999999997,8.0,11.0,C1CCC(OC2CCCOC2)OC1
RTI 2,-3.125,1,268.32,0,3,2,49.330000000000005,-2.86,CCN2c1ncccc1N(CC)C(=O)c3cccnc23 ,<rdkit.DataStructs.cDataStructs.ExplicitBitVect object at 0x000001C74A488120>,268.32,2.614700000000001,49.330000000000005,0.0,4.0,O=C1Nc2cccnc2Nc2ncccc21
Chlorobenzene,-2.975,1,112.55899999999995,0,1,0,0.0,-2.38,Clc1ccccc1,<rdkit.DataStructs.cDataStructs.ExplicitBitVect object at 0x000001C74A4882E0>,112.55899999999997,2.34,0.0,0.0,0.0,c1ccccc1
1-Nonene ,-3.427,1,126.243,0,0,6,0.0,-5.05,CCCCCCCC=C,<rdkit.DataStructs.cDataStructs.ExplicitBitVect object at 0x000001C74A4884A0>,126.243,3.5329000000000024,0.0,0.0,0.0,
p-Bromoiodobenzene,-4.754,1,282.90599999999995,0,1,0,0.0,-4.56,Brc1ccc(I)cc1,<rdkit.DataStructs.cDataStructs.ExplicitBitVect object at 0x000001C74A488660>,282.90599999999995,3.053700000000001,0.0,0.0,0.0,c1ccccc1
3-Methyl-3-pentanol,-1.308,1,102.17699999999998,1,0,2,20.23,-0.36,CCC(C)(O)CC,<rdkit.DataStructs.cDataStructs.ExplicitBitVect object at 0x000001C74A488820>,102.17699999999998,1.5574,20.23,1.0,1.0,
Pentylbenzene,-3.899,1,148.249,0,1,4,0.0,-4.64,CCCCCc1ccccc1,<rdkit.DataStructs.cDataStructs.ExplicitBitVect object at 0x000001C74A4889E0>,148.249,3.4193000000000024,0.0,0.0,0.0,c1ccccc1
allantoin,0.652,1,158.117,4,1,1,113.32,-1.6,NC(=O)NC1NC(=O)NC1=O ,<rdkit.DataStructs.cDataStructs.ExplicitBitVect object at 0x000001C74A488BA0>,158.117,-2.1798,113.32,4.0,3.0,O=C1CNC(=O)N1
Glafenine,-5.052,1,372.80800000000016,3,3,6,91.68,-4.571000000000001,OCC(O)COC(=O)c1ccccc1Nc2ccnc3cc(Cl)ccc23,<rdkit.DataStructs.cDataStructs.ExplicitBitVect object at 0x000001C74A488D60>,372.80800000000016,3.141800000000001,91.67999999999999,3.0,6.0,c1ccc(Nc2ccnc3ccccc23)cc1
DDD,-6.007999999999999,1,320.04600000000005,0,2,3,0.0,-7.2,ClC(Cl)C(c1ccc(Cl)cc1)c2ccc(Cl)cc2,<rdkit.DataStructs.cDataStructs.ExplicitBitVect object at 0x000001C74A488F20>,320.04600000000005,5.929000000000003,0.0,0.0,0.0,c1ccc(Cc2ccccc2)cc1
testosterone acetate,-4.449,1,330.4680000000001,0,4,1,43.370000000000005,-5.184,CC(=O)OC3CCC4C2CCC1=CC(=O)CCC1(C)C2CCC34C ,<rdkit.DataStructs.cDataStructs.ExplicitBitVect object at 0x000001C74A4890E0>,330.4680000000001,4.450000000000004,43.370000000000005,0.0,3.0,O=C1C=C2CCC3C4CCCC4CCC3C2CC1
1-Chloronapthalene,-4.063,1,162.61899999999997,0,2,0,0.0,-3.93,Clc1cccc2ccccc12,<rdkit.DataStructs.cDataStructs.ExplicitBitVect object at 0x000001C74A4892A0>,162.61899999999997,3.4932000000000016,0.0,0.0,0.0,c1ccc2ccccc2c1
RTI 19,-4.007,1,252.31699999999995,0,3,1,23.55,-4.749,CCN2c1ccccc1N(C)C(=O)c3ccccc23 ,<rdkit.DataStructs.cDataStructs.ExplicitBitVect object at 0x000001C74A489460>,252.31699999999995,3.4346000000000023,23.55,0.0,2.0,O=C1Nc2ccccc2Nc2ccccc21
2-Hexanol,-1.324,1,102.17699999999998,1,0,3,20.23,-0.89,CCCCC(C)O,<rdkit.DataStructs.cDataStructs.ExplicitBitVect object at 0x000001C74A489620>,102.17699999999998,1.5574,20.23,1.0,1.0,
Propylcyclopentane,-3.16,1,112.216,0,1,2,0.0,-4.74,CCCC1CCCC1,<rdkit.DataStructs.cDataStructs.ExplicitBitVect object at 0x000001C74A4897E0>,112.21600000000001,2.976700000000002,0.0,0.0,0.0,C1CCCC1
Etomidate,-3.359,1,244.294,0,2,4,44.12,-4.735,CCOC(=O)c1cncn1C(C)c2ccccc2,<rdkit.DataStructs.cDataStructs.ExplicitBitVect object at 0x000001C74A4899A0>,244.294,2.669100000000001,44.12,0.0,3.0,c1ccc(Cn2ccnc2)cc1
"3,4-Dichlorophenol",-3.352,1,163.003,1,1,0,20.23,-1.25,Oc1ccc(Cl)c(Cl)c1,<rdkit.DataStructs.cDataStructs.ExplicitBitVect object at 0x000001C74A489B60>,163.00300000000001,2.6990000000000007,20.23,1.0,1.0,c1ccccc1
Cypermethrin,-6.775,1,416.30400000000014,0,3,6,59.32000000000001,-8.017000000000001,CC1(C)C(C=C(Cl)Cl)C1C(=O)OC(C#N)c2cccc(Oc3ccccc3)c2,<rdkit.DataStructs.cDataStructs.ExplicitBitVect object at 0x000001C74A489D20>,416.30400000000014,6.177980000000004,59.32000000000001,0.0,4.0,O=C(OCc1cccc(Oc2ccccc2)c1)C1CC1
Benzoxazole,-2.214,2,119.12299999999998,0,2,0,26.03,-1.16,c2ccc1ocnc1c2,<rdkit.DataStructs.cDataStructs.ExplicitBitVect object at 0x000001C74A489EE0>,119.12299999999998,1.8277999999999999,26.03,0.0,2.0,c1ccc2ocnc2c1
1-Pentanol,-1.042,1,88.14999999999999,1,0,3,20.23,-0.6,CCCCCO,<rdkit.DataStructs.cDataStructs.ExplicitBitVect object at 0x000001C74A48A0A0>,88.14999999999999,1.1689,20.23,1.0,1.0,
"N,N-Diethylaniline",-3.16,1,149.237,0,1,3,3.24,-3.03,CCN(CC)c1ccccc1,<rdkit.DataStructs.cDataStructs.ExplicitBitVect object at 0x000001C74A48A260>,149.237,2.532800000000001,3.24,0.0,1.0,c1ccccc1
"1,3-Difluorobenzene",-2.636,1,114.094,0,1,0,0.0,-2.0,Fc1cccc(F)c1,<rdkit.DataStructs.cDataStructs.ExplicitBitVect object at 0x000001C74A48A420>,114.094,1.9648,0.0,0.0,0.0,c1ccccc1
3-chloropropionitrile,-0.522,1,89.525,0,0,1,23.79,-0.29,ClCCC#N ,<rdkit.DataStructs.cDataStructs.ExplicitBitVect object at 0x000001C74A48A5E0>,89.525,1.1388800000000001,23.79,0.0,1.0,
t-Pentylbenzene,-3.867,1,148.249,0,1,1,0.0,-4.15,CC(C)(C)Cc1ccccc1,<rdkit.DataStructs.cDataStructs.ExplicitBitVect object at 0x000001C74A48A7A0>,148.249,3.2752000000000017,0.0,0.0,0.0,c1ccccc1
5-Ethyl-5-phenylbarbital,-2.272,1,232.239,2,2,2,75.27000000000001,-2.322,O=C1NC(=O)NC(=O)C1(CC)c1ccccc1,<rdkit.DataStructs.cDataStructs.ExplicitBitVect object at 0x000001C74A48A960>,232.239,0.7003999999999997,75.27000000000001,2.0,3.0,O=C1NC(=O)C(c2ccccc2)C(=O)N1
o-Chloroiodobenzene,-4.384,1,238.455,0,1,0,0.0,-3.54,Clc1ccccc1I,<rdkit.DataStructs.cDataStructs.ExplicitBitVect object at 0x000001C74A48AB20>,238.45499999999998,2.9446000000000003,0.0,0.0,0.0,c1ccccc1
Benzotriazole,-2.21,2,119.127,1,2,0,41.57,-0.78,c2ccc1[nH]nnc1c2,<rdkit.DataStructs.cDataStructs.ExplicitBitVect object at 0x000001C74A48ACE0>,119.127,0.9578999999999998,41.57,1.0,2.0,c1ccc2[nH]nnc2c1
Carbofuran,-3.05,1,221.25599999999997,1,2,1,47.56,-2.8,CNC(=O)Oc1cccc2CC(C)(C)Oc12,<rdkit.DataStructs.cDataStructs.ExplicitBitVect object at 0x000001C74A48AEA0>,221.25599999999994,2.1183,47.56,1.0,3.0,c1ccc2c(c1)CCO2
"2,6-Dimethylphenol",-2.589,1,122.167,1,1,0,20.23,-1.29,Cc1cccc(C)c1O,<rdkit.DataStructs.cDataStructs.ExplicitBitVect object at 0x000001C74A48B060>,122.16699999999999,2.00904,20.23,1.0,1.0,c1ccccc1
3-Methyl-2-butanol,-0.954,1,88.14999999999999,1,0,1,20.23,-0.18,CC(C)C(C)O,<rdkit.DataStructs.cDataStructs.ExplicitBitVect object at 0x000001C74A48B220>,88.14999999999999,1.0231999999999999,20.23,1.0,1.0,
benzhydrol,-3.033,1,184.238,1,2,2,20.23,-2.55,c1ccccc1C(O)c2ccccc2,<rdkit.DataStructs.cDataStructs.ExplicitBitVect object at 0x000001C74A48B3E0>,184.238,2.768300000000001,20.23,1.0,1.0,c1ccc(Cc2ccccc2)cc1
Methyl decanoate,-3.3160000000000003,1,186.295,0,0,8,26.3,-4.69,CCCCCCCCCC(=O)OC,<rdkit.DataStructs.cDataStructs.ExplicitBitVect object at 0x000001C74A48B5A0>,186.295,3.3001000000000023,26.3,0.0,2.0,
Dicapthon,-4.188,1,297.656,0,1,5,70.83000000000001,-4.31,COP(=S)(OC)Oc1ccc(cc1Cl)N(=O)=O,<rdkit.DataStructs.cDataStructs.ExplicitBitVect object at 0x000001C74A48B760>,297.656,3.144300000000002,70.83000000000001,0.0,6.0,c1ccccc1
1-Bromo-2-methylpropane,-2.2880000000000003,1,137.01999999999998,0,0,1,0.0,-2.43,CC(C)CBr,<rdkit.DataStructs.cDataStructs.ExplicitBitVect object at 0x000001C74A48B920>,137.01999999999998,2.0373,0.0,0.0,0.0,
Iodoethane,-2.066,1,155.966,0,0,0,0.0,-1.6,CCI,<rdkit.DataStructs.cDataStructs.ExplicitBitVect object at 0x000001C74A48BAE0>,155.966,1.4413,0.0,0.0,0.0,
Pirimicarb,-2.34,1,238.291,0,1,2,58.56000000000001,-1.95,CN(C)C(=O)Oc1nc(nc(C)c1C)N(C)C,<rdkit.DataStructs.cDataStructs.ExplicitBitVect object at 0x000001C74A48BCA0>,238.29099999999997,1.2198399999999998,58.56000000000001,0.0,5.0,c1cncnc1
1-Bromohexane,-3.012,1,165.074,0,0,4,0.0,-3.81,CCCCCCBr,<rdkit.DataStructs.cDataStructs.ExplicitBitVect object at 0x000001C74A48BE60>,165.074,2.9616000000000016,0.0,0.0,0.0,
2-Methylpentane,-2.6,1,86.178,0,0,2,0.0,-3.74,CCCC(C)C,<rdkit.DataStructs.cDataStructs.ExplicitBitVect object at 0x000001C74A48BF40>,86.178,2.442500000000001,0.0,0.0,0.0,
Tetrafluthrin,-6.339,1,418.7360000000001,0,2,4,26.3,-7.321000000000001,Cc1c(F)c(F)c(COC(=O)C2C(C=C(Cl)C(F)(F)F)C2(C)C)c(F)c1F,<rdkit.DataStructs.cDataStructs.ExplicitBitVect object at 0x000001C74A48BD80>,418.7360000000001,5.551820000000002,26.3,0.0,2.0,O=C(OCc1ccccc1)C1CC1
Metolachlor,-3.431,1,283.7989999999999,0,1,6,29.54,-2.73,CCc1cccc(C)c1N(C(C)COC)C(=O)CCl ,<rdkit.DataStructs.cDataStructs.ExplicitBitVect object at 0x000001C74A48BBC0>,283.7989999999999,3.1641200000000014,29.54,0.0,2.0,c1ccccc1
nifuroxime,-1.843,1,156.09699999999998,1,1,2,88.87,-2.19,ON=Cc1ccc(o1)N(=O)=O ,<rdkit.DataStructs.cDataStructs.ExplicitBitVect object at 0x000001C74A48BA00>,156.09699999999998,0.9959,88.87,1.0,5.0,c1ccoc1
Fluvalinate,-8.057,1,502.9200000000002,1,3,8,71.35,-8.003,CC(C)C(Nc1ccc(cc1Cl)C(F)(F)F)C(=O)OC(C#N)c2cccc(Oc3ccccc3)c2,<rdkit.DataStructs.cDataStructs.ExplicitBitVect object at 0x000001C74A48B840>,502.9200000000002,7.395680000000005,71.35,1.0,5.0,O=C(CNc1ccccc1)OCc1cccc(Oc2ccccc2)c1
Amitrole,-0.674,1,84.082,2,1,0,67.59,0.522,Nc1nc[nH]n1,<rdkit.DataStructs.cDataStructs.ExplicitBitVect object at 0x000001C74A48B680>,84.082,-0.6131000000000002,67.59,2.0,3.0,c1nc[nH]n1
Tribromomethane,-2.904,1,252.731,0,0,0,0.0,-1.91,BrC(Br)Br,<rdkit.DataStructs.cDataStructs.ExplicitBitVect object at 0x000001C74A48B4C0>,252.731,2.4547,0.0,0.0,0.0,
Trichlorfon,-1.866,1,257.437,1,0,3,55.760000000000005,-0.22,COP(=O)(OC)C(O)C(Cl)(Cl)Cl,<rdkit.DataStructs.cDataStructs.ExplicitBitVect object at 0x000001C74A48B300>,257.437,2.1609000000000003,55.760000000000005,1.0,4.0,
Phosalone,-5.024,1,367.8160000000001,0,2,7,53.6,-5.233,CCOP(=S)(OCC)SCn1c(=O)oc2cc(Cl)ccc12,<rdkit.DataStructs.cDataStructs.ExplicitBitVect object at 0x000001C74A48B140>,367.8160000000001,4.236100000000003,53.6,0.0,6.0,O=c1[nH]c2ccccc2o1
Phenylmethanol,-1.699,1,108.13999999999996,1,1,1,20.23,-0.4,OCc1ccccc1,<rdkit.DataStructs.cDataStructs.ExplicitBitVect object at 0x000001C74A48AF80>,108.13999999999997,1.1789,20.23,1.0,1.0,c1ccccc1
Coumatetralyl,-5.194,1,292.33400000000006,1,4,1,50.44,-2.84,O=c2c(C3CCCc4ccccc43)c(O)c1ccccc1o2 ,<rdkit.DataStructs.cDataStructs.ExplicitBitVect object at 0x000001C74A48ADC0>,292.33400000000006,3.9668000000000028,50.44,1.0,3.0,O=c1oc2ccccc2cc1C1CCCc2ccccc21
4-Bromophenol,-3.132,1,173.009,1,1,0,20.23,-1.09,Oc1ccc(Br)cc1,<rdkit.DataStructs.cDataStructs.ExplicitBitVect object at 0x000001C74A48AC00>,173.00900000000001,2.1547,20.23,1.0,1.0,c1ccccc1
2-Bromopropane,-1.949,1,122.993,0,0,0,0.0,-1.59,CC(C)Br,<rdkit.DataStructs.cDataStructs.ExplicitBitVect object at 0x000001C74A48AA40>,122.993,1.7897,0.0,0.0,0.0,
"2,2,4-Trimethylpentane",-3.276,1,114.232,0,0,1,0.0,-4.74,CC(C)CC(C)(C)C,<rdkit.DataStructs.cDataStructs.ExplicitBitVect object at 0x000001C74A48A880>,114.23199999999999,3.0786000000000016,0.0,0.0,0.0,
"1,3,5-Trinitrobenzene",-2.324,1,213.105,0,1,3,129.42000000000002,-2.89,O=N(=O)c1cc(cc(c1)N(=O)=O)N(=O)=O,<rdkit.DataStructs.cDataStructs.ExplicitBitVect object at 0x000001C74A48A6C0>,213.10499999999996,1.4112,129.42000000000002,0.0,6.0,c1ccccc1
Nimetazepam,-3.557,1,295.29800000000006,0,3,2,75.81,-3.796,CN2C(=O)CN=C(c1ccccc1)c3cc(ccc23)N(=O)=O,<rdkit.DataStructs.cDataStructs.ExplicitBitVect object at 0x000001C74A48A500>,295.29800000000006,2.4086000000000007,75.81,0.0,4.0,O=C1CN=C(c2ccccc2)c2ccccc2N1
Propane,-1.5530000000000002,1,44.097,0,0,0,0.0,-1.94,CCC,<rdkit.DataStructs.cDataStructs.ExplicitBitVect object at 0x000001C74A48A340>,44.096999999999994,1.4163,0.0,0.0,0.0,
Minoxidil,-1.809,1,209.253,2,2,1,95.11,-1.989,Nc1cc(nc(N)n1=O)N2CCCCC2 ,<rdkit.DataStructs.cDataStructs.ExplicitBitVect object at 0x000001C74A48A180>,209.25299999999996,-0.1303000000000003,95.10999999999999,2.0,5.0,c1cc(N2CCCCC2)nc[nH+]1
1-aminoacridine,-3.542,1,194.237,1,3,0,38.91,-4.22,Nc2cccc3nc1ccccc1cc23 ,<rdkit.DataStructs.cDataStructs.ExplicitBitVect object at 0x000001C74A489FC0>,194.23700000000002,2.970200000000001,38.91,1.0,2.0,c1ccc2nc3ccccc3cc2c1
Benzo(k)fluoranthene,-6.007000000000001,2,252.316,0,5,0,0.0,-8.49,c1ccc2cc3c4cccc5cccc(c3cc2c1)c45,<rdkit.DataStructs.cDataStructs.ExplicitBitVect object at 0x000001C74A489E00>,252.31599999999997,5.640400000000003,0.0,0.0,0.0,c1ccc2cc3c(cc2c1)-c1cccc2cccc-3c12
Dicofol,-6.268,1,370.49,1,2,2,20.23,-5.666,OC(c1ccc(Cl)cc1)(c2ccc(Cl)cc2)C(Cl)(Cl)Cl,<rdkit.DataStructs.cDataStructs.ExplicitBitVect object at 0x000001C74A489C40>,370.49,5.599500000000002,20.23,1.0,1.0,c1ccc(Cc2ccccc2)cc1
Acenapthene,-3.792,2,154.21199999999996,0,3,0,0.0,-4.63,C1Cc2cccc3cccc1c23,<rdkit.DataStructs.cDataStructs.ExplicitBitVect object at 0x000001C74A489A80>,154.21199999999996,2.9384000000000015,0.0,0.0,0.0,c1cc2c3c(cccc3c1)CC2
Dialifos,-5.026,1,393.85400000000016,0,2,8,55.84,-6.34,CCOP(=S)(OCC)SC(CCl)N2C(=O)c1ccccc1C2=O,<rdkit.DataStructs.cDataStructs.ExplicitBitVect object at 0x000001C74A4898C0>,393.85400000000016,3.878200000000003,55.84,0.0,6.0,O=C1NC(=O)c2ccccc21
"1,4-Dibromobenzene",-4.298,1,235.906,0,1,0,0.0,-4.07,Brc1ccc(Br)cc1,<rdkit.DataStructs.cDataStructs.ExplicitBitVect object at 0x000001C74A489700>,235.90599999999998,3.2116000000000007,0.0,0.0,0.0,c1ccccc1
Methazole,-3.6010000000000004,1,261.064,0,2,1,57.14,-2.82,Cn2c(=O)on(c1ccc(Cl)c(Cl)c1)c2=O,<rdkit.DataStructs.cDataStructs.ExplicitBitVect object at 0x000001C74A489540>,261.064,1.4359999999999997,57.14,0.0,3.0,O=c1[nH]c(=O)n(-c2ccccc2)o1
p-Phenylphenol,-3.701,1,170.211,1,2,1,20.23,-3.48,Oc1ccc(cc1)c2ccccc2,<rdkit.DataStructs.cDataStructs.ExplicitBitVect object at 0x000001C74A489380>,170.211,3.0592000000000015,20.23,1.0,1.0,c1ccc(-c2ccccc2)cc1
pyracarbolid,-2.83,1,217.26800000000003,1,2,2,38.33,-2.56,CC1=C(CCCO1)C(=O)Nc2ccccc2 ,<rdkit.DataStructs.cDataStructs.ExplicitBitVect object at 0x000001C74A4891C0>,217.26800000000003,2.709500000000001,38.33,1.0,2.0,O=C(Nc1ccccc1)C1=COCCC1
Ethyl vinyl ether,-0.857,1,72.10700000000001,0,0,2,9.23,-0.85,CCOC=C,<rdkit.DataStructs.cDataStructs.ExplicitBitVect object at 0x000001C74A489000>,72.10700000000001,1.1664,9.23,0.0,1.0,
1-Butyne,-1.092,1,54.09199999999999,0,0,0,0.0,-1.24,CCC#C,<rdkit.DataStructs.cDataStructs.ExplicitBitVect object at 0x000001C74A488E40>,54.09199999999999,1.0295999999999998,0.0,0.0,0.0,
4-methoxypteridine,-1.589,1,162.15200000000002,0,2,1,60.790000000000006,-1.11,COc1ncnc2nccnc12 ,<rdkit.DataStructs.cDataStructs.ExplicitBitVect object at 0x000001C74A488C80>,162.15200000000002,0.4283999999999998,60.790000000000006,0.0,5.0,c1cnc2ncncc2n1
3-Methyl-3-heptanol,-2.017,1,130.23099999999997,1,0,4,20.23,-1.6,CCCCC(C)(O)CC,<rdkit.DataStructs.cDataStructs.ExplicitBitVect object at 0x000001C74A488AC0>,130.23099999999997,2.3376,20.23,1.0,1.0,
"1,4-Dichlorobenzene",-3.5580000000000003,1,147.00400000000002,0,1,0,0.0,-3.27,Clc1ccc(Cl)cc1,<rdkit.DataStructs.cDataStructs.ExplicitBitVect object at 0x000001C74A488900>,147.00400000000002,2.993400000000001,0.0,0.0,0.0,c1ccccc1
3-Ethanoyloxymethylphenytoin,-2.7230000000000003,1,324.33600000000007,1,3,4,75.71,-4.47,O=C1N(COC(=O)C)C(=O)C(N1)(c2ccccc2)c3ccccc3,<rdkit.DataStructs.cDataStructs.ExplicitBitVect object at 0x000001C74A488740>,324.33600000000007,2.0025999999999993,75.71,1.0,4.0,O=C1NC(=O)C(c2ccccc2)(c2ccccc2)N1
"Sparsomycin (3,8mg/ml)",-1.57,1,361.4450000000001,4,1,8,132.11999999999998,-1.981,CSCS(=O)CC(CO)NC(=O)C=Cc1c(C)[nH]c(=O)[nH]c1=O,<rdkit.DataStructs.cDataStructs.ExplicitBitVect object at 0x000001C74A488580>,361.4450000000001,-1.068879999999999,132.11999999999998,4.0,6.0,O=c1cc[nH]c(=O)[nH]1
3-methylindole,-2.9810000000000003,1,131.17799999999997,1,2,0,15.79,-2.42,Cc1c[nH]c2ccccc12 ,<rdkit.DataStructs.cDataStructs.ExplicitBitVect object at 0x000001C74A4883C0>,131.17799999999997,2.4763200000000003,15.79,1.0,0.0,c1ccc2[nH]ccc2c1
2-methoxypteridine,-1.589,1,162.152,0,2,1,60.790000000000006,-1.11,COc2ncc1nccnc1n2,<rdkit.DataStructs.cDataStructs.ExplicitBitVect object at 0x000001C74A488200>,162.152,0.42839999999999984,60.790000000000006,0.0,5.0,c1cnc2ncncc2n1
Dioxacarb,-1.614,1,223.22799999999995,1,2,2,56.790000000000006,-1.57,CNC(=O)Oc1ccccc1C2OCCO2,<rdkit.DataStructs.cDataStructs.ExplicitBitVect object at 0x000001C74A488040>,223.22799999999995,1.4502,56.790000000000006,1.0,4.0,c1ccc(C2OCCO2)cc1
isocarbamid,-1.508,1,185.227,2,1,2,61.440000000000005,-2.15,C1N(C(=O)NCC(C)C)C(=O)NC1,<rdkit.DataStructs.cDataStructs.ExplicitBitVect object at 0x000001C74A48C0B0>,185.22699999999998,0.37720000000000026,61.440000000000005,2.0,2.0,O=C1NCCN1
Acetonitrile,0.152,1,41.053,0,0,0,23.79,0.26,CC#N,<rdkit.DataStructs.cDataStructs.ExplicitBitVect object at 0x000001C74A48C270>,41.053,0.52988,23.79,0.0,1.0,
Fenoxycarb,-4.662,1,301.34200000000004,1,2,7,56.790000000000006,-4.7,CCOC(=O)NCCOc2ccc(Oc1ccccc1)cc2,<rdkit.DataStructs.cDataStructs.ExplicitBitVect object at 0x000001C74A48C430>,301.34200000000004,3.6038000000000023,56.790000000000006,1.0,4.0,c1ccc(Oc2ccccc2)cc1
acetyl sulfisoxazole,-2.024,1,293.34800000000007,1,2,3,89.43,-3.59,CC(=O)N(S(=O)c1ccc(N)cc1)c2onc(C)c2C ,<rdkit.DataStructs.cDataStructs.ExplicitBitVect object at 0x000001C74A48C5F0>,293.34800000000007,1.9493400000000003,89.43,1.0,5.0,O=S(Nc1ccno1)c1ccccc1
"1,1,1,2-Tetrachloroethane",-2.794,1,167.85,0,0,0,0.0,-2.18,ClCC(Cl)(Cl)Cl,<rdkit.DataStructs.cDataStructs.ExplicitBitVect object at 0x000001C74A48C7B0>,167.85,2.5954000000000006,0.0,0.0,0.0,
1-Butanol,-0.688,1,74.12299999999999,1,0,2,20.23,0.0,CCCCO,<rdkit.DataStructs.cDataStructs.ExplicitBitVect object at 0x000001C74A48C970>,74.12299999999999,0.7787999999999999,20.23,1.0,1.0,
Siduron,-3.779,1,232.32700000000003,2,2,2,41.13,-4.11,CC1CCCCC1NC(=O)Nc2ccccc2,<rdkit.DataStructs.cDataStructs.ExplicitBitVect object at 0x000001C74A48CB30>,232.32700000000003,3.386800000000001,41.13,2.0,1.0,O=C(Nc1ccccc1)NC1CCCCC1
"1,3,5-Trichlorobenzene",-4.159,1,181.449,0,1,0,0.0,-4.48,Clc1cc(Cl)cc(Cl)c1,<rdkit.DataStructs.cDataStructs.ExplicitBitVect object at 0x000001C74A48CCF0>,181.449,3.6468000000000007,0.0,0.0,0.0,c1ccccc1
Furfural,-1.391,1,96.08499999999998,0,1,1,30.21,-0.1,O=Cc1ccco1,<rdkit.DataStructs.cDataStructs.ExplicitBitVect object at 0x000001C74A48CEB0>,96.08499999999998,1.0920999999999998,30.21,0.0,2.0,c1ccoc1
3-Methylbutan-1-ol,-1.027,1,88.14999999999999,1,0,2,20.23,-0.51,CC(C)CCO,<rdkit.DataStructs.cDataStructs.ExplicitBitVect object at 0x000001C74A48D070>,88.14999999999999,1.0248,20.23,1.0,1.0,
piperonal,-2.033,1,150.13299999999998,0,2,1,35.53,-1.63,O=Cc2ccc1OCOc1c2 ,<rdkit.DataStructs.cDataStructs.ExplicitBitVect object at 0x000001C74A48D230>,150.13299999999998,1.2278,35.53,0.0,3.0,c1ccc2c(c1)OCO2
2-Methylpropene,-1.5730000000000002,1,56.108,0,0,0,0.0,-2.33,CC(=C)C,<rdkit.DataStructs.cDataStructs.ExplicitBitVect object at 0x000001C74A48D3F0>,56.108000000000004,1.5824,0.0,0.0,0.0,
Benzaldehyde,-1.999,1,106.12399999999997,0,1,1,17.07,-1.19,O=Cc1ccccc1,<rdkit.DataStructs.cDataStructs.ExplicitBitVect object at 0x000001C74A48D5B0>,106.12399999999997,1.4990999999999999,17.07,0.0,1.0,c1ccccc1
"2,3-Dimethyl-1,3-Butadiene",-2.052,1,82.146,0,0,1,0.0,-2.4,CC(=C)C(=C)C,<rdkit.DataStructs.cDataStructs.ExplicitBitVect object at 0x000001C74A48D770>,82.146,2.1386000000000003,0.0,0.0,0.0,
Benfuracarb,-5.132999999999999,1,410.5360000000002,0,2,8,68.31,-4.71,CCOC(=O)CCN(SN(C)C(=O)Oc1cccc2CC(C)(C)Oc21)C(C)C,<rdkit.DataStructs.cDataStructs.ExplicitBitVect object at 0x000001C74A48D930>,410.53600000000023,4.057500000000004,68.31,0.0,7.0,c1ccc2c(c1)CCO2
RTI 10,-2.7710000000000004,1,226.235,0,3,0,42.43,-3.672,O2c1ccccc1N(C)C(=O)c3cccnc23 ,<rdkit.DataStructs.cDataStructs.ExplicitBitVect object at 0x000001C74A48DAF0>,226.235,2.4639000000000006,42.43,0.0,3.0,O=C1Nc2ccccc2Oc2ncccc21
Fluorene ,-4.125,2,166.22299999999998,0,3,0,0.0,-5.0,C1c2ccccc2c3ccccc13,<rdkit.DataStructs.cDataStructs.ExplicitBitVect object at 0x000001C74A48DCB0>,166.22299999999998,3.2578000000000014,0.0,0.0,0.0,c1ccc2c(c1)Cc1ccccc1-2
Methylcyclohexane ,-2.891,1,98.189,0,1,0,0.0,-3.85,CC1CCCCC1,<rdkit.DataStructs.cDataStructs.ExplicitBitVect object at 0x000001C74A48DE70>,98.18900000000001,2.5866000000000007,0.0,0.0,0.0,C1CCCCC1
sulfaguanidine,-0.706,1,214.25,4,1,2,122.06,-1.99,NC(=N)NS(=O)(=O)c1ccc(N)cc1 ,<rdkit.DataStructs.cDataStructs.ExplicitBitVect object at 0x000001C74A48E030>,214.25,-0.5594299999999999,122.05999999999999,4.0,4.0,c1ccccc1
Methylparaben,-2.441,1,152.149,1,1,1,46.53,-1.827,COC(=O)c1ccc(O)cc1,<rdkit.DataStructs.cDataStructs.ExplicitBitVect object at 0x000001C74A48E1F0>,152.149,1.1788,46.53,1.0,3.0,c1ccccc1
2-Methyltetrahydrofurane,-1.034,1,86.134,0,1,0,9.23,0.11,CC1CCCO1,<rdkit.DataStructs.cDataStructs.ExplicitBitVect object at 0x000001C74A48E3B0>,86.134,1.1853,9.23,0.0,1.0,C1CCOC1
Santonin,-2.43,1,246.30599999999995,0,3,0,43.370000000000005,-3.09,CC3C2CCC1(C)C=CC(=O)C(=C1C2OC3=O)C,<rdkit.DataStructs.cDataStructs.ExplicitBitVect object at 0x000001C74A48E570>,246.30599999999995,2.419600000000001,43.370000000000005,0.0,3.0,O=C1C=CC2CCC3CC(=O)OC3C2=C1
Salicin,-0.975,1,286.28,5,2,4,119.61,-0.85,OCC2OC(Oc1ccccc1CO)C(O)C(O)C2O,<rdkit.DataStructs.cDataStructs.ExplicitBitVect object at 0x000001C74A48E730>,286.28,-1.6424000000000003,119.61000000000001,5.0,7.0,c1ccc(OC2CCCCO2)cc1
1-Iodopropane,-2.486,1,169.993,0,0,1,0.0,-2.29,CCCI,<rdkit.DataStructs.cDataStructs.ExplicitBitVect object at 0x000001C74A48E8F0>,169.993,1.8314,0.0,0.0,0.0,
Ametryn,-3.43,1,227.337,2,1,5,62.73,-3.04,CCNc1nc(NC(C)C)nc(SC)n1,<rdkit.DataStructs.cDataStructs.ExplicitBitVect object at 0x000001C74A48EAB0>,227.337,1.8455999999999997,62.730000000000004,2.0,6.0,c1ncncn1
1-Propanol,-0.3339999999999999,1,60.096,1,0,1,20.23,0.62,CCCO,<rdkit.DataStructs.cDataStructs.ExplicitBitVect object at 0x000001C74A48EC70>,60.096,0.3887,20.23,1.0,1.0,
Hydroxyprogesterone-17a,-3.876,1,330.4680000000001,1,4,1,54.37,-3.817,CC(=O)C1(O)CCC2C3CCC4=CC(=O)CCC4(C)C3CCC21C,<rdkit.DataStructs.cDataStructs.ExplicitBitVect object at 0x000001C74A48EE30>,330.4680000000001,3.8384000000000027,54.37,1.0,3.0,O=C1C=C2CCC3C4CCCC4CCC3C2CC1
2-Pentanol,-0.97,1,88.14999999999999,1,0,2,20.23,-0.29,CCCC(C)O,<rdkit.DataStructs.cDataStructs.ExplicitBitVect object at 0x000001C74A48EFF0>,88.14999999999999,1.1673,20.23,1.0,1.0,
benzoin,-3.148,1,212.248,1,2,3,37.3,-2.85,OC(C(=O)c1ccccc1)c2ccccc2,<rdkit.DataStructs.cDataStructs.ExplicitBitVect object at 0x000001C74A48F1B0>,212.248,2.602900000000001,37.3,1.0,2.0,O=C(Cc1ccccc1)c1ccccc1
"2,4-Dimethylphenol",-2.6210000000000004,1,122.167,1,1,0,20.23,-1.19,Cc1ccc(O)c(C)c1,<rdkit.DataStructs.cDataStructs.ExplicitBitVect object at 0x000001C74A48F370>,122.16699999999999,2.0090399999999997,20.23,1.0,1.0,c1ccccc1
m-Chloronitrobenzene ,-2.901,1,157.55599999999998,0,1,1,43.14,-2.77,Clc1cccc(c1)N(=O)=O,<rdkit.DataStructs.cDataStructs.ExplicitBitVect object at 0x000001C74A48F530>,157.55599999999998,2.2482000000000006,43.14,0.0,2.0,c1ccccc1
ampyrone,-1.192,1,203.245,1,2,1,52.95,-0.624,Cc2c(N)c(=O)n(c1ccccc1)n2C,<rdkit.DataStructs.cDataStructs.ExplicitBitVect object at 0x000001C74A48F6F0>,203.245,1.0666200000000003,52.95,1.0,2.0,O=c1cc[nH]n1-c1ccccc1
"2,2',4,5'-PCB",-6.23,1,291.992,0,2,1,0.0,-6.57,Clc1ccc(c(Cl)c1)c2cc(Cl)ccc2Cl ,<rdkit.DataStructs.cDataStructs.ExplicitBitVect object at 0x000001C74A48F8B0>,291.99199999999996,5.967200000000002,0.0,0.0,0.0,c1ccc(-c2ccccc2)cc1
"Hexachloro-1,3-butadiene",-4.546,1,260.762,0,0,1,0.0,-4.92,ClC(=C(Cl)C(=C(Cl)Cl)Cl)Cl,<rdkit.DataStructs.cDataStructs.ExplicitBitVect object at 0x000001C74A48FA70>,260.762,4.7574,0.0,0.0,0.0,
Terbutryn,-3.75,1,241.364,2,1,4,62.73,-4.0,CCNc1nc(NC(C)(C)C)nc(SC)n1,<rdkit.DataStructs.cDataStructs.ExplicitBitVect object at 0x000001C74A48FC30>,241.364,2.2356999999999996,62.730000000000004,2.0,6.0,c1ncncn1
3-Methyl-2-pentanol,-1.308,1,102.177,1,0,3,20.23,-0.71,CCC(C)CCO,<rdkit.DataStructs.cDataStructs.ExplicitBitVect object at 0x000001C74A48FDF0>,102.17699999999999,1.4149,20.23,1.0,1.0,
2-methylpteridine,-1.24,1,146.153,0,2,0,51.56,-0.12,Cc2ncc1nccnc1n2,<rdkit.DataStructs.cDataStructs.ExplicitBitVect object at 0x000001C74A48FED0>,146.153,0.7282199999999999,51.56,0.0,4.0,c1cnc2ncncc2n1
Danazol,-4.557,1,337.4630000000001,1,5,0,46.260000000000005,-5.507000000000001,CC23Cc1cnoc1C=C2CCC4C3CCC5(C)C4CCC5(O)C#C,<rdkit.DataStructs.cDataStructs.ExplicitBitVect object at 0x000001C74A48FD10>,337.4630000000001,4.221000000000004,46.260000000000005,1.0,3.0,C1=C2CCC3C4CCCC4CCC3C2Cc2cnoc21
1-Iodobutane,-2.841,1,184.02,0,0,2,0.0,-2.96,CCCCI,<rdkit.DataStructs.cDataStructs.ExplicitBitVect object at 0x000001C74A48FB50>,184.01999999999998,2.2215,0.0,0.0,0.0,
2-Bromonapthalene,-4.434,1,207.07,0,2,0,0.0,-4.4,Brc1ccc2ccccc2c1,<rdkit.DataStructs.cDataStructs.ExplicitBitVect object at 0x000001C74A48F990>,207.07,3.6023000000000014,0.0,0.0,0.0,c1ccc2ccccc2c1
"Digoxin (L1=41,8mg/mL, L2=68,2mg/mL, Z=40,1mg/mL)",-5.312,1,780.9490000000001,6,8,7,203.06,-4.081,CC1OC(CC(O)C1O)OC2C(O)CC(OC2C)OC8C(O)CC(OC7CCC3(C)C(CCC4C3CC(O)C5(C)C(CCC45O)C6=CC(=O)OC6)C7)OC8C ,<rdkit.DataStructs.cDataStructs.ExplicitBitVect object at 0x000001C74A48F7D0>,780.9490000000001,2.2181000000000015,203.05999999999997,6.0,14.0,O=C1C=C(C2CCC3C2CCC2C4CCC(OC5CCC(OC6CCC(OC7CCCCO7)CO6)CO5)CC4CCC23)CO1
Benzyltrifluoride,-3.099,1,146.111,0,1,0,0.0,-2.51,FC(F)(F)c1ccccc1,<rdkit.DataStructs.cDataStructs.ExplicitBitVect object at 0x000001C74A48F610>,146.111,2.705400000000001,0.0,0.0,0.0,c1ccccc1
Dihexyl phthalate,-5.757999999999999,1,334.45600000000024,0,1,12,52.60000000000001,-6.144,CCCCCCOC(=O)c1ccccc1C(=O)OCCCCCC,<rdkit.DataStructs.cDataStructs.ExplicitBitVect object at 0x000001C74A48F450>,334.45600000000024,5.160800000000005,52.60000000000001,0.0,4.0,c1ccccc1
Dibenzothiophene,-4.597,2,184.263,0,3,0,0.0,-4.38,c1ccc2c(c1)sc3ccccc23,<rdkit.DataStructs.cDataStructs.ExplicitBitVect object at 0x000001C74A48F290>,184.263,4.054500000000002,0.0,0.0,1.0,c1ccc2c(c1)sc1ccccc12
"2,3',4,4'-PCB",-6.709,1,326.437,0,2,1,0.0,-7.8,Clc1ccc(c(Cl)c1)c2ccc(Cl)c(Cl)c2Cl ,<rdkit.DataStructs.cDataStructs.ExplicitBitVect object at 0x000001C74A48F0D0>,326.437,6.620600000000001,0.0,0.0,0.0,c1ccc(-c2ccccc2)cc1
"2,2',3,3',4,4'-PCB",-7.192,1,360.88200000000006,0,2,1,0.0,-8.01,Clc1ccc(c(Cl)c1Cl)c2ccc(Cl)c(Cl)c2Cl ,<rdkit.DataStructs.cDataStructs.ExplicitBitVect object at 0x000001C74A48EF10>,360.88200000000006,7.274000000000001,0.0,0.0,0.0,c1ccc(-c2ccccc2)cc1
Warfarin,-3.913,1,308.3330000000001,1,3,4,67.50999999999999,-3.893,CC(=O)CC(c1ccccc1)c3c(O)c2ccccc2oc3=O ,<rdkit.DataStructs.cDataStructs.ExplicitBitVect object at 0x000001C74A48ED50>,308.3330000000001,3.609600000000003,67.50999999999999,1.0,4.0,O=c1oc2ccccc2cc1Cc1ccccc1
hydrobenzoin,-2.645,1,214.264,2,2,3,40.46,-1.93,c1ccccc1C(O)C(O)c2ccccc2,<rdkit.DataStructs.cDataStructs.ExplicitBitVect object at 0x000001C74A48EB90>,214.264,2.4536000000000007,40.46,2.0,2.0,c1ccc(CCc2ccccc2)cc1
Dimethyl phthalate,-2.347,1,194.18599999999995,0,1,2,52.60000000000001,-1.66,COC(=O)c1ccccc1C(=O)OC,<rdkit.DataStructs.cDataStructs.ExplicitBitVect object at 0x000001C74A48E9D0>,194.18599999999995,1.2597999999999998,52.60000000000001,0.0,4.0,c1ccccc1
Ethyl octanoate,-2.962,1,172.26799999999997,0,0,7,26.3,-3.39,CCCCCCCC(=O)OCC,<rdkit.DataStructs.cDataStructs.ExplicitBitVect object at 0x000001C74A48E810>,172.26799999999997,2.910000000000001,26.3,0.0,2.0,
Diethyldisulfide,-2.364,1,122.258,0,0,3,0.0,-2.42,CCSSCC,<rdkit.DataStructs.cDataStructs.ExplicitBitVect object at 0x000001C74A48E650>,122.258,2.4076000000000004,0.0,0.0,2.0,
"1,2-Diethoxyethane ",-0.833,1,118.176,0,0,5,18.46,-0.77,CCOCCOCC,<rdkit.DataStructs.cDataStructs.ExplicitBitVect object at 0x000001C74A48E490>,118.176,1.0594000000000001,18.46,0.0,2.0,
"1,2,4,5-Tetrachlorobenzene",-4.621,1,215.894,0,1,0,0.0,-5.56,Clc1cc(Cl)c(Cl)cc1Cl,<rdkit.DataStructs.cDataStructs.ExplicitBitVect object at 0x000001C74A48E2D0>,215.894,4.3002,0.0,0.0,0.0,c1ccccc1
p-benzidine,-2.613,1,184.242,2,2,1,52.04,-2.7,Nc1ccc(cc1)c2ccc(N)cc2,<rdkit.DataStructs.cDataStructs.ExplicitBitVect object at 0x000001C74A48E110>,184.242,2.518,52.04,2.0,2.0,c1ccc(-c2ccccc2)cc1
1-Heptene,-2.718,1,98.189,0,0,4,0.0,-3.73,CCCCCC=C,<rdkit.DataStructs.cDataStructs.ExplicitBitVect object at 0x000001C74A48DF50>,98.189,2.752700000000001,0.0,0.0,0.0,
Ethirimol,-2.732,1,209.293,2,1,5,57.78,-3.028,CCCCc1c(C)nc(NCC)[nH]c1=O,<rdkit.DataStructs.cDataStructs.ExplicitBitVect object at 0x000001C74A48DD90>,209.29299999999998,1.85272,57.78,2.0,3.0,O=c1ccnc[nH]1
Pentobarbital,-2.312,1,226.27599999999995,2,1,4,75.27000000000001,-2.39,O=C1NC(=O)NC(=O)C1(CC)C(C)CCC,<rdkit.DataStructs.cDataStructs.ExplicitBitVect object at 0x000001C74A48DBD0>,226.27599999999995,1.1849999999999992,75.27000000000001,2.0,3.0,O=C1CC(=O)NC(=O)N1
o-Chloroaniline,-2.392,1,127.574,1,1,0,26.02,-1.52,Nc1ccccc1Cl,<rdkit.DataStructs.cDataStructs.ExplicitBitVect object at 0x000001C74A48DA10>,127.574,1.9222,26.02,1.0,1.0,c1ccccc1
3-Chloroanisole,-3.057,1,142.58499999999998,0,1,1,9.23,-2.78,COc1cccc(Cl)c1,<rdkit.DataStructs.cDataStructs.ExplicitBitVect object at 0x000001C74A48D850>,142.58499999999998,2.3486000000000002,9.23,0.0,1.0,c1ccccc1
Pebulate,-3.131,1,203.351,0,0,6,20.31,-3.53,CCCCN(CC)C(=O)SCCC,<rdkit.DataStructs.cDataStructs.ExplicitBitVect object at 0x000001C74A48D690>,203.35099999999997,3.3716000000000026,20.310000000000002,0.0,2.0,
Butyl acetate,-1.111,1,102.13299999999998,0,0,4,26.3,-1.37,CCCCOC=O,<rdkit.DataStructs.cDataStructs.ExplicitBitVect object at 0x000001C74A48D4D0>,102.13299999999998,0.9595,26.3,0.0,2.0,
Prednisolone,-2.974,1,360.4500000000002,3,4,2,94.83,-3.18,CC12CC(O)C3C(CCC4=CC(=O)C=CC34C)C2CCC1(O)C(=O)CO,<rdkit.DataStructs.cDataStructs.ExplicitBitVect object at 0x000001C74A48D310>,360.4500000000002,1.5575999999999999,94.83,3.0,5.0,O=C1C=CC2C(=C1)CCC1C3CCCC3CCC21
Bromodichloromethane,-2.176,1,163.82899999999998,0,0,0,0.0,-1.54,BrC(Cl)Cl,<rdkit.DataStructs.cDataStructs.ExplicitBitVect object at 0x000001C74A48D150>,163.82899999999998,2.1425,0.0,0.0,0.0,
adrenosterone,-2.99,1,300.3980000000001,0,4,0,51.21,-3.48,CC34CC(=O)C1C(CCC2=CC(=O)CCC12C)C3CCC4(=O) ,<rdkit.DataStructs.cDataStructs.ExplicitBitVect object at 0x000001C74A48CF90>,300.3980000000001,3.2664000000000017,51.21,0.0,3.0,O=C1C=C2CCC3C4CCC(=O)C4CC(=O)C3C2CC1
p-terphenyl,-5.7410000000000005,2,230.31,0,3,2,0.0,-7.11,c1ccc(cc1)c2ccc(cc2)c3ccccc3,<rdkit.DataStructs.cDataStructs.ExplicitBitVect object at 0x000001C74A48CDD0>,230.31,5.0206000000000035,0.0,0.0,0.0,c1ccc(-c2ccc(-c3ccccc3)cc2)cc1
p-Hydroxybenzaldehyde ,-2.003,1,122.12299999999998,1,1,1,37.3,-0.96,Oc1ccc(C=O)cc1,<rdkit.DataStructs.cDataStructs.ExplicitBitVect object at 0x000001C74A48CC10>,122.12299999999998,1.2047,37.3,1.0,2.0,c1ccccc1
Bromomethane,-1.109,1,94.939,0,0,0,0.0,-0.79,CBr,<rdkit.DataStructs.cDataStructs.ExplicitBitVect object at 0x000001C74A48CA50>,94.939,1.0110999999999999,0.0,0.0,0.0,
Perfluidone,-4.945,1,379.381,1,2,4,80.31,-3.8,Cc1cc(ccc1NS(=O)(=O)C(F)(F)F)S(=O)(=O)c2ccccc2,<rdkit.DataStructs.cDataStructs.ExplicitBitVect object at 0x000001C74A48C890>,379.38100000000003,3.0893200000000016,80.31,1.0,4.0,O=S(=O)(c1ccccc1)c1ccccc1
Coumachlor,-4.553999999999999,1,342.7780000000001,1,3,4,67.50999999999999,-5.839,CC(=O)CC(c1ccc(Cl)cc1)c2c(O)c3ccccc3oc2=O,<rdkit.DataStructs.cDataStructs.ExplicitBitVect object at 0x000001C74A48C6D0>,342.7780000000001,4.263000000000003,67.50999999999999,1.0,4.0,O=c1oc2ccccc2cc1Cc1ccccc1
2-Ethylnaphthalene,-4.1,1,156.22799999999998,0,2,1,0.0,-4.29,CCc1ccc2ccccc2c1,<rdkit.DataStructs.cDataStructs.ExplicitBitVect object at 0x000001C74A48C510>,156.22799999999998,3.4022000000000014,0.0,0.0,0.0,c1ccc2ccccc2c1
5-methylcytosine,-0.257,1,125.131,2,1,0,71.77000000000001,-1.4580000000000002,Nc1c(C)c[nH]c(=O)n1 ,<rdkit.DataStructs.cDataStructs.ExplicitBitVect object at 0x000001C74A48C350>,125.13099999999999,-0.33948000000000017,71.77000000000001,2.0,3.0,O=c1nccc[nH]1
"2,3,4,5,6-PCB",-6.785,1,326.437,0,2,1,0.0,-7.92,Clc2c(Cl)c(Cl)c(c1ccccc1)c(Cl)c2Cl ,<rdkit.DataStructs.cDataStructs.ExplicitBitVect object at 0x000001C74A48C190>,326.437,6.620600000000001,0.0,0.0,0.0,c1ccc(-c2ccccc2)cc1
benodanil,-4.245,1,323.133,1,2,2,29.1,-4.21,c1c(NC(=O)c2ccccc2(I))cccc1,<rdkit.DataStructs.cDataStructs.ExplicitBitVect object at 0x000001C74A490040>,323.133,3.5435000000000016,29.1,1.0,1.0,O=C(Nc1ccccc1)c1ccccc1
Riboflavin,-1.865,1,376.36900000000014,5,3,5,161.56,-3.685,Cc3cc2nc1c(=O)[nH]c(=O)nc1n(CC(O)C(O)C(O)CO)c2cc3C,<rdkit.DataStructs.cDataStructs.ExplicitBitVect object at 0x000001C74A490200>,376.36900000000014,-1.7235599999999989,161.56,5.0,8.0,O=c1nc2[nH]c3ccccc3nc-2c(=O)[nH]1
o-Fluorobromobenzene,-3.467,1,175.0,0,1,0,0.0,-2.7,Fc1ccccc1Br,<rdkit.DataStructs.cDataStructs.ExplicitBitVect object at 0x000001C74A4903C0>,175.0,2.5882000000000005,0.0,0.0,0.0,c1ccccc1
"2,4-Dichlorophenol ",-3.22,1,163.003,1,1,0,20.23,-1.55,Oc1ccc(Cl)cc1Cl,<rdkit.DataStructs.cDataStructs.ExplicitBitVect object at 0x000001C74A490580>,163.003,2.699,20.23,1.0,1.0,c1ccccc1
Permethrin,-7.129,1,391.2940000000001,0,3,6,35.53,-6.291,CC1(C)C(C=C(Cl)Cl)C1C(=O)OCc2cccc(Oc3ccccc3)c2,<rdkit.DataStructs.cDataStructs.ExplicitBitVect object at 0x000001C74A490740>,391.2940000000001,6.113300000000004,35.53,0.0,3.0,O=C(OCc1cccc(Oc2ccccc2)c1)C1CC1
piroxicam,-3.4730000000000003,1,331.353,2,3,2,99.6,-4.16,CN2C(=C(O)c1ccccc1S2(=O)=O)C(=O)Nc3ccccn3 ,<rdkit.DataStructs.cDataStructs.ExplicitBitVect object at 0x000001C74A490900>,331.353,1.5810000000000002,99.60000000000001,2.0,5.0,O=C(Nc1ccccn1)C1=Cc2ccccc2S(=O)(=O)N1
3-Propanoyloxymethylphenytoin,-3.128,1,338.36300000000006,1,3,5,75.71,-4.907,O=C1N(COC(=O)CC)C(=O)C(N1)(c2ccccc2)c3ccccc3,<rdkit.DataStructs.cDataStructs.ExplicitBitVect object at 0x000001C74A490AC0>,338.36300000000006,2.3927000000000005,75.71,1.0,4.0,O=C1NC(=O)C(c2ccccc2)(c2ccccc2)N1
Cyclopentane ,-2.0380000000000003,2,70.135,0,1,0,0.0,-2.64,C1CCCC1,<rdkit.DataStructs.cDataStructs.ExplicitBitVect object at 0x000001C74A490C80>,70.135,1.9505000000000001,0.0,0.0,0.0,C1CCCC1
o-Toluidine,-1.922,1,107.156,1,1,0,26.02,-2.21,Cc1ccccc1N,<rdkit.DataStructs.cDataStructs.ExplicitBitVect object at 0x000001C74A490E40>,107.156,1.57722,26.02,1.0,1.0,c1ccccc1
Estragole,-3.074,1,148.205,0,1,3,9.23,-2.92,c1(OC)ccc(CC=C)cc1,<rdkit.DataStructs.cDataStructs.ExplicitBitVect object at 0x000001C74A491000>,148.205,2.4237,9.23,0.0,1.0,c1ccccc1
karbutilate,-2.655,1,279.34,2,1,2,70.67,-2.93,CN(C)C(=O)Nc1cccc(OC(=O)NC(C)(C)C)c1 ,<rdkit.DataStructs.cDataStructs.ExplicitBitVect object at 0x000001C74A4911C0>,279.34,2.6670000000000007,70.67,2.0,3.0,c1ccccc1
3-Methyl-1-Butene,-1.994,1,70.135,0,0,1,0.0,-2.73,CC(C)C=C,<rdkit.DataStructs.cDataStructs.ExplicitBitVect object at 0x000001C74A491380>,70.135,1.8284,0.0,0.0,0.0,
2-Hydroxypyridine,-1.655,1,95.101,1,1,0,33.120000000000005,1.02,Oc1ccccn1,<rdkit.DataStructs.cDataStructs.ExplicitBitVect object at 0x000001C74A491540>,95.101,0.7871999999999999,33.120000000000005,1.0,2.0,c1ccncc1
Ethane,-1.132,1,30.07,0,0,0,0.0,-1.36,CC,<rdkit.DataStructs.cDataStructs.ExplicitBitVect object at 0x000001C74A491700>,30.07,1.0262,0.0,0.0,0.0,
"1,2-Dichlorobenzene",-3.482,1,147.00399999999996,0,1,0,0.0,-3.05,Clc1ccccc1Cl,<rdkit.DataStructs.cDataStructs.ExplicitBitVect object at 0x000001C74A4918C0>,147.00399999999996,2.9934000000000003,0.0,0.0,0.0,c1ccccc1
mercaptobenzothiazole,-3.411,1,167.25799999999998,1,2,0,12.89,-3.18,Sc2nc1ccccc1s2 ,<rdkit.DataStructs.cDataStructs.ExplicitBitVect object at 0x000001C74A491A80>,167.25799999999998,2.585,12.89,1.0,3.0,c1ccc2scnc2c1
"2,2',3,3',4,4',5,5',6,6'-PCB",-9.589,1,498.66200000000026,0,2,1,0.0,-11.6,Clc1c(Cl)c(Cl)c(c(Cl)c1Cl)c2c(Cl)c(Cl)c(Cl)c(Cl)c2Cl ,<rdkit.DataStructs.cDataStructs.ExplicitBitVect object at 0x000001C74A491C40>,498.66200000000026,9.887599999999999,0.0,0.0,0.0,c1ccc(-c2ccccc2)cc1
Methoxsalen,-3.25,1,216.19199999999995,0,3,1,52.58,-3.664,COc2c1occc1cc3ccc(=O)oc23 ,<rdkit.DataStructs.cDataStructs.ExplicitBitVect object at 0x000001C74A491E00>,216.19199999999995,2.5478000000000005,52.58,0.0,4.0,O=c1ccc2cc3ccoc3cc2o1
Acetamide,0.494,1,59.068,1,0,0,43.09,1.58,CC(=O)N,<rdkit.DataStructs.cDataStructs.ExplicitBitVect object at 0x000001C74A491FC0>,59.068,-0.5084,43.09,1.0,1.0,
1-Methylnaphthalene,-3.802,1,142.201,0,2,0,0.0,-3.7,Cc1cccc2ccccc12,<rdkit.DataStructs.cDataStructs.ExplicitBitVect object at 0x000001C74A492180>,142.201,3.148220000000002,0.0,0.0,0.0,c1ccc2ccccc2c1
Napropamide,-4.088,1,271.36,0,2,5,29.540000000000003,-3.57,CCN(CC)C(=O)C(C)Oc1cccc2ccccc12 ,<rdkit.DataStructs.cDataStructs.ExplicitBitVect object at 0x000001C74A492340>,271.36,3.475500000000002,29.540000000000003,0.0,2.0,c1ccc2ccccc2c1
"3,3-Dimethyl-2-butanol",-1.2919999999999998,1,102.177,1,0,0,20.23,-0.62,CC(O)C(C)(C)C,<rdkit.DataStructs.cDataStructs.ExplicitBitVect object at 0x000001C74A492500>,102.17699999999999,1.4133,20.23,1.0,1.0,
Methyl pentanoate,-1.545,1,116.15999999999998,0,0,3,26.3,-1.36,CCCC(=O)OCC,<rdkit.DataStructs.cDataStructs.ExplicitBitVect object at 0x000001C74A4926C0>,116.15999999999998,1.3496000000000001,26.3,0.0,2.0,
Menadione,-2.667,1,172.18299999999996,0,2,0,34.14,-3.03,CC2=CC(=O)c1ccccc1C2=O ,<rdkit.DataStructs.cDataStructs.ExplicitBitVect object at 0x000001C74A492880>,172.18299999999996,2.0119000000000002,34.14,0.0,2.0,O=C1C=CC(=O)c2ccccc21
Phenanthrene,-4.518,2,178.23399999999998,0,3,0,0.0,-5.26,c1ccc2c(c1)ccc3ccccc32,<rdkit.DataStructs.cDataStructs.ExplicitBitVect object at 0x000001C74A492A40>,178.23399999999998,3.993000000000002,0.0,0.0,0.0,c1ccc2c(c1)ccc1ccccc12
"2,4-Dimethylpyridine",-2.0980000000000003,1,107.156,0,1,0,12.89,0.38,Cc1ccnc(C)c1,<rdkit.DataStructs.cDataStructs.ExplicitBitVect object at 0x000001C74A492C00>,107.15599999999999,1.69844,12.89,0.0,1.0,c1ccncc1
1-Nonanol,-2.46,1,144.258,1,0,7,20.23,-3.01,CCCCCCCCCO,<rdkit.DataStructs.cDataStructs.ExplicitBitVect object at 0x000001C74A492DC0>,144.258,2.7293000000000016,20.23,1.0,1.0,
Dibromomethane,-1.883,1,173.83499999999998,0,0,0,0.0,-1.17,BrCBr,<rdkit.DataStructs.cDataStructs.ExplicitBitVect object at 0x000001C74A492F80>,173.83499999999998,1.7337,0.0,0.0,0.0,
Dexamethasone,-3.4,1,392.4670000000002,3,4,2,94.83,-3.59,CC1CC2C3CCC4=CC(=O)C=CC4(C)C3(F)C(O)CC2(C)C1(O)C(=O)CO,<rdkit.DataStructs.cDataStructs.ExplicitBitVect object at 0x000001C74A493140>,392.4670000000002,1.8957000000000002,94.83,3.0,5.0,O=C1C=CC2C(=C1)CCC1C3CCCC3CCC21
"2,6-Dimethylnaphthalene ",-4.147,1,156.228,0,2,0,0.0,-4.89,Cc1ccc2cc(C)ccc2c1,<rdkit.DataStructs.cDataStructs.ExplicitBitVect object at 0x000001C74A493300>,156.228,3.456640000000002,0.0,0.0,0.0,c1ccc2ccccc2c1
Butylate,-3.4530000000000003,1,217.378,0,0,5,20.31,-3.68,CCSC(=O)N(CC(C)C)CC(C)C,<rdkit.DataStructs.cDataStructs.ExplicitBitVect object at 0x000001C74A4934C0>,217.378,3.4735000000000023,20.310000000000002,0.0,2.0,
nitroglycerin,-2.029,1,227.085,0,0,8,157.11,-2.22,O=N(=O)OCC(CON(=O)=O)ON(=O)=O ,<rdkit.DataStructs.cDataStructs.ExplicitBitVect object at 0x000001C74A493680>,227.08499999999998,-1.0200999999999996,157.11,0.0,9.0,
m-Nitroaniline,-1.936,1,138.126,1,1,1,69.16,-2.19,Nc1cccc(c1)N(=O)=O,<rdkit.DataStructs.cDataStructs.ExplicitBitVect object at 0x000001C74A493840>,138.126,1.177,69.16,1.0,3.0,c1ccccc1
1-Chlorobutane,-1.94,1,92.569,0,0,2,0.0,-2.03,CCCCCl,<rdkit.DataStructs.cDataStructs.ExplicitBitVect object at 0x000001C74A493A00>,92.56899999999999,2.0253,0.0,0.0,0.0,
triforine,-3.715,1,430.9340000000001,2,1,6,64.68,-4.19,ClC(Cl)(Cl)C(NC=O)N1C=CN(C=C1)C(NC=O)C(Cl)(Cl)Cl ,<rdkit.DataStructs.cDataStructs.ExplicitBitVect object at 0x000001C74A493BC0>,430.9340000000001,2.431,64.68,2.0,4.0,C1=CNC=CN1
Fluridone,-4.249,1,329.321,0,3,2,22.0,-4.445,Cn2cc(c1ccccc1)c(=O)c(c2)c3cccc(c3)C(F)(F)F,<rdkit.DataStructs.cDataStructs.ExplicitBitVect object at 0x000001C74A493D80>,329.32099999999997,4.738100000000002,22.0,0.0,1.0,O=c1c(-c2ccccc2)c[nH]cc1-c1ccccc1
6-aminochrysene,-4.849,1,243.309,1,4,0,26.02,-6.2,Nc3cc2c1ccccc1ccc2c4ccccc34 ,<rdkit.DataStructs.cDataStructs.ExplicitBitVect object at 0x000001C74A493F40>,243.309,4.728400000000002,26.02,1.0,1.0,c1ccc2c(c1)ccc1c3ccccc3ccc21
Estrone,-3.872,1,270.372,1,4,0,37.3,-3.955,CC12CCC3C(CCc4cc(O)ccc34)C2CCC1=O,<rdkit.DataStructs.cDataStructs.ExplicitBitVect object at 0x000001C74A493E60>,270.372,3.817400000000003,37.3,1.0,2.0,O=C1CCC2C1CCC1c3ccccc3CCC12
RTI 17,-4.227,1,269.373,0,3,1,19.37,-4.706,CCN2c1ccccc1N(C)C(=S)c3cccnc23 ,<rdkit.DataStructs.cDataStructs.ExplicitBitVect object at 0x000001C74A493CA0>,269.373,3.3649000000000022,19.37,0.0,3.0,S=C1Nc2ccccc2Nc2ncccc21
"1,2-Propylene oxide",-0.358,1,58.08,0,1,0,12.53,-0.59,CC1CO1,<rdkit.DataStructs.cDataStructs.ExplicitBitVect object at 0x000001C74A493AE0>,58.08,0.4051,12.53,0.0,1.0,C1CO1
Nitrazepam,-3.4730000000000003,1,281.271,1,3,2,84.6,-3.796,O=C3CN=C(c1ccccc1)c2cc(ccc2N3)N(=O)=O,<rdkit.DataStructs.cDataStructs.ExplicitBitVect object at 0x000001C74A493920>,281.271,2.3842999999999996,84.6,1.0,4.0,O=C1CN=C(c2ccccc2)c2ccccc2N1
"1,3-diethylthiourea",-1.028,1,132.232,2,0,2,24.06,-1.46,CCNC(=S)NCC,<rdkit.DataStructs.cDataStructs.ExplicitBitVect object at 0x000001C74A493760>,132.232,0.49030000000000007,24.06,2.0,1.0,
"2,3,5-Trichlorophenol",-3.78,1,197.448,1,1,0,20.23,-2.67,Oc1cc(Cl)cc(Cl)c1Cl,<rdkit.DataStructs.cDataStructs.ExplicitBitVect object at 0x000001C74A4935A0>,197.44799999999998,3.3523999999999994,20.23,1.0,1.0,c1ccccc1
Propyl propanoate,-1.545,1,116.15999999999998,0,0,3,26.3,-1.34,CCCCC(=O)OC,<rdkit.DataStructs.cDataStructs.ExplicitBitVect object at 0x000001C74A4933E0>,116.15999999999998,1.3496000000000001,26.3,0.0,2.0,
Aniline ,-1.632,1,93.129,1,1,0,26.02,-0.41,Nc1ccccc1,<rdkit.DataStructs.cDataStructs.ExplicitBitVect object at 0x000001C74A493220>,93.12899999999999,1.2688000000000001,26.02,1.0,1.0,c1ccccc1
"1,5-Dimethlnapthalene",-4.147,1,156.228,0,2,0,0.0,-4.678999999999999,Cc1cccc2c(C)cccc12,<rdkit.DataStructs.cDataStructs.ExplicitBitVect object at 0x000001C74A493060>,156.228,3.456640000000002,0.0,0.0,0.0,c1ccc2ccccc2c1
hydrochlorothiazide,-1.72,1,297.745,3,2,1,118.36,-2.63,NS(=O)(=O)c2cc1c(NCNS1(=O)=O)cc2Cl ,<rdkit.DataStructs.cDataStructs.ExplicitBitVect object at 0x000001C74A492EA0>,297.745,-0.35129999999999945,118.35999999999999,3.0,5.0,O=S1(=O)NCNc2ccccc21
Acenapthylene,-3.682,2,152.19599999999994,0,3,0,0.0,-3.96,C1=Cc2cccc3cccc1c23,<rdkit.DataStructs.cDataStructs.ExplicitBitVect object at 0x000001C74A492CE0>,152.19599999999994,3.3236000000000017,0.0,0.0,0.0,C1=Cc2cccc3cccc1c23
Ethyl butyrate,-2.254,1,144.21399999999997,0,0,5,26.3,-1.28,CCCCCOC(=O)CC,<rdkit.DataStructs.cDataStructs.ExplicitBitVect object at 0x000001C74A492B20>,144.21399999999997,2.1298000000000004,26.3,0.0,2.0,
Atratone,-3.185,1,211.269,2,1,5,71.96000000000001,-2.084,CCNc1nc(NC(C)C)nc(OC)n1,<rdkit.DataStructs.cDataStructs.ExplicitBitVect object at 0x000001C74A492960>,211.26899999999998,1.1322999999999996,71.96000000000001,2.0,6.0,c1ncncn1
Benzo(a)pyrene,-6.007000000000001,2,252.316,0,5,0,0.0,-8.699,c1ccc2c(c1)cc3ccc4cccc5ccc2c3c45,<rdkit.DataStructs.cDataStructs.ExplicitBitVect object at 0x000001C74A4927A0>,252.31599999999997,5.737200000000003,0.0,0.0,0.0,c1ccc2c(c1)cc1ccc3cccc4ccc2c1c34
Bromoethane,-1.529,1,108.966,0,0,0,0.0,-1.09,CCBr,<rdkit.DataStructs.cDataStructs.ExplicitBitVect object at 0x000001C74A4925E0>,108.966,1.4012,0.0,0.0,0.0,
3-Hexyne,-1.933,1,82.14599999999999,0,0,0,0.0,-1.99,CCC#CCC,<rdkit.DataStructs.cDataStructs.ExplicitBitVect object at 0x000001C74A492420>,82.14599999999999,1.8098,0.0,0.0,0.0,
Digitoxin,-6.114,1,764.9499999999999,5,8,7,182.83,-5.292999999999999,CC1OC(CC(O)C1O)OC2C(O)CC(OC2C)OC8C(O)CC(OC7CCC3(C)C(CCC4C3CCC5(C)C(CCC45O)C6=CC(=O)OC6)C7)OC8C ,<rdkit.DataStructs.cDataStructs.ExplicitBitVect object at 0x000001C74A492260>,764.9499999999999,3.247300000000002,182.82999999999998,5.0,13.0,O=C1C=C(C2CCC3C2CCC2C4CCC(OC5CCC(OC6CCC(OC7CCCCO7)CO6)CO5)CC4CCC23)CO1
2-Methyl-1-Butene,-1.994,1,70.13499999999999,0,0,1,0.0,-2.73,CCC(=C)C,<rdkit.DataStructs.cDataStructs.ExplicitBitVect object at 0x000001C74A4920A0>,70.13499999999999,1.9725,0.0,0.0,0.0,
8-quinolinol,-2.725,1,145.16099999999997,1,2,0,33.120000000000005,-2.42,Oc1cccc2cccnc12 ,<rdkit.DataStructs.cDataStructs.ExplicitBitVect object at 0x000001C74A491EE0>,145.16099999999997,1.9403999999999995,33.120000000000005,1.0,2.0,c1ccc2ncccc2c1
"1,2,3,4-Tetrahydronapthalene",-3.447,2,132.20599999999996,0,2,0,0.0,-4.37,C1CCc2ccccc2C1,<rdkit.DataStructs.cDataStructs.ExplicitBitVect object at 0x000001C74A491D20>,132.20599999999996,2.5654000000000003,0.0,0.0,0.0,c1ccc2c(c1)CCCC2
phenolphthalein,-4.59,1,318.32800000000003,2,4,2,66.76,-2.9,Oc1ccc(cc1)C2(OC(=O)c3ccccc23)c4ccc(O)cc4 ,<rdkit.DataStructs.cDataStructs.ExplicitBitVect object at 0x000001C74A491B60>,318.32800000000003,3.560100000000002,66.76,2.0,4.0,O=C1OC(c2ccccc2)(c2ccccc2)c2ccccc21
"1,3,5-Tribromobenzene",-5.27,1,314.802,0,1,0,0.0,-5.6,Brc1cc(Br)cc(Br)c1,<rdkit.DataStructs.cDataStructs.ExplicitBitVect object at 0x000001C74A4919A0>,314.802,3.974100000000001,0.0,0.0,0.0,c1ccccc1
Ronnel,-5.247000000000001,1,321.549,0,1,4,27.69,-5.72,COP(=S)(OC)Oc1cc(Cl)c(Cl)cc1Cl,<rdkit.DataStructs.cDataStructs.ExplicitBitVect object at 0x000001C74A4917E0>,321.549,4.542900000000002,27.69,0.0,4.0,c1ccccc1
methylthiouracil,-0.547,1,142.18300000000002,2,1,0,48.65,-2.436,Cc1cc(=O)[nH]c(=S)[nH]1,<rdkit.DataStructs.cDataStructs.ExplicitBitVect object at 0x000001C74A491620>,142.18300000000002,0.74091,48.65,2.0,2.0,O=c1cc[nH]c(=S)[nH]1
Eugenol,-2.675,1,164.204,1,1,3,29.46,-1.56,COc1cc(CC=C)ccc1O,<rdkit.DataStructs.cDataStructs.ExplicitBitVect object at 0x000001C74A491460>,164.204,2.1293,29.46,1.0,2.0,c1ccccc1
5-Allyl-5-isopropylbarbital,-1.706,1,210.233,2,1,3,75.27000000000001,-1.7080000000000002,O=C1NC(=O)NC(=O)C1(C(C)C)CC=C,<rdkit.DataStructs.cDataStructs.ExplicitBitVect object at 0x000001C74A4912A0>,210.23299999999998,0.5708999999999995,75.27000000000001,2.0,3.0,O=C1CC(=O)NC(=O)N1
Pyrene,-4.957,2,202.256,0,4,0,0.0,-6.176,c1cc2ccc3cccc4ccc(c1)c2c34,<rdkit.DataStructs.cDataStructs.ExplicitBitVect object at 0x000001C74A4910E0>,202.25599999999997,4.584000000000002,0.0,0.0,0.0,c1cc2ccc3cccc4ccc(c1)c2c34
"1,1-Diethoxyethane ",-0.899,1,118.176,0,0,4,18.46,-0.43,CCOC(C)OCC,<rdkit.DataStructs.cDataStructs.ExplicitBitVect object at 0x000001C74A490F20>,118.176,1.4054,18.46,0.0,2.0,
Clomazone,-3.077,1,239.702,0,2,2,29.54,-2.338,CC1(C)CON(Cc2ccccc2Cl)C1=O,<rdkit.DataStructs.cDataStructs.ExplicitBitVect object at 0x000001C74A490D60>,239.702,2.6400000000000006,29.54,0.0,2.0,O=C1CCON1Cc1ccccc1
2-Butoxyethanol,-0.775,1,118.176,1,0,5,29.46,-0.42,CCCCOCCO,<rdkit.DataStructs.cDataStructs.ExplicitBitVect object at 0x000001C74A490BA0>,118.17599999999999,0.7953999999999999,29.46,1.0,2.0,
Quintozene,-5.098,1,295.336,0,1,1,43.14,-5.82,Clc1c(Cl)c(Cl)c(N(=O)=O)c(Cl)c1Cl,<rdkit.DataStructs.cDataStructs.ExplicitBitVect object at 0x000001C74A4909E0>,295.336,4.8618,43.14,0.0,2.0,c1ccccc1
Androsterone,-3.882,1,290.447,1,4,0,37.3,-4.402,CC12CCC(O)CC1CCC3C2CCC4(C)C3CCC4=O,<rdkit.DataStructs.cDataStructs.ExplicitBitVect object at 0x000001C74A490820>,290.447,3.959100000000003,37.3,1.0,2.0,O=C1CCC2C1CCC1C3CCCCC3CCC21
Flurochloridone,-4.749,1,312.118,0,2,2,20.31,-4.047,FC(F)(F)c1cccc(c1)N2CC(CCl)C(Cl)C2=O,<rdkit.DataStructs.cDataStructs.ExplicitBitVect object at 0x000001C74A490660>,312.118,3.514400000000002,20.310000000000002,0.0,1.0,O=C1CCCN1c1ccccc1
Quinoline,-2.6630000000000003,2,129.16199999999998,0,2,0,12.89,-1.3,c1ccc2ncccc2c1,<rdkit.DataStructs.cDataStructs.ExplicitBitVect object at 0x000001C74A4904A0>,129.16199999999998,2.2348,12.89,0.0,1.0,c1ccc2ncccc2c1
methyl gallate,-1.913,1,184.147,3,1,1,86.99000000000001,-1.24,COC(=O)c1cc(O)c(O)c(O)c1 ,<rdkit.DataStructs.cDataStructs.ExplicitBitVect object at 0x000001C74A4902E0>,184.147,0.5899999999999996,86.99000000000001,3.0,5.0,c1ccccc1
fluconazole,-2.418,1,306.276,1,3,5,81.64999999999999,-1.8,OC(Cn1cncn1)(Cn2cncn2)c3ccc(F)cc3F ,<rdkit.DataStructs.cDataStructs.ExplicitBitVect object at 0x000001C74A490120>,306.276,0.7357999999999993,81.64999999999999,1.0,5.0,c1ccc(C(Cn2cncn2)Cn2cncn2)cc1
Chlorzoxazone,-2.679,1,169.567,1,2,0,46.0,-2.8310000000000004,Clc2ccc1oc(=O)[nH]c1c2,<rdkit.DataStructs.cDataStructs.ExplicitBitVect object at 0x000001C74A494190>,169.567,1.7744999999999997,46.0,1.0,2.0,O=c1[nH]c2ccccc2o1
"2,2',3,4,4',5',6-PCB",-7.898,1,395.3270000000001,0,2,1,0.0,-7.92,Clc1ccc(c(Cl)c1)c2c(Cl)c(Cl)c(Cl)c(Cl)c2Cl,<rdkit.DataStructs.cDataStructs.ExplicitBitVect object at 0x000001C74A494350>,395.3270000000001,7.9274000000000004,0.0,0.0,0.0,c1ccc(-c2ccccc2)cc1
alloxan,0.436,1,142.07,2,1,0,92.34,-1.25,O=C1NC(=O)C(=O)C(=O)N1 ,<rdkit.DataStructs.cDataStructs.ExplicitBitVect object at 0x000001C74A494510>,142.07,-2.0785,92.34,2.0,4.0,O=C1NC(=O)C(=O)C(=O)N1
"1,3-Dichloropropane",-1.618,1,112.987,0,0,2,0.0,-1.62,ClCCCCl,<rdkit.DataStructs.cDataStructs.ExplicitBitVect object at 0x000001C74A4946D0>,112.98700000000001,1.8540999999999999,0.0,0.0,0.0,
m-Fluorobromobenzene,-3.467,1,175.0,0,1,0,0.0,-2.67,Fc1cccc(Br)c1,<rdkit.DataStructs.cDataStructs.ExplicitBitVect object at 0x000001C74A494890>,175.0,2.5882000000000005,0.0,0.0,0.0,c1ccccc1
p-Chlorobromobenzene,-3.928,1,191.455,0,1,0,0.0,-3.63,Clc1ccc(Br)cc1,<rdkit.DataStructs.cDataStructs.ExplicitBitVect object at 0x000001C74A494A50>,191.45499999999998,3.102500000000001,0.0,0.0,0.0,c1ccccc1
"2,3-Dimethylbutane",-2.584,1,86.178,0,0,1,0.0,-3.65,CC(C)C(C)C,<rdkit.DataStructs.cDataStructs.ExplicitBitVect object at 0x000001C74A494C10>,86.178,2.2984,0.0,0.0,0.0,
1-Butene,-1.655,1,56.108,0,0,1,0.0,-1.94,CCC=C,<rdkit.DataStructs.cDataStructs.ExplicitBitVect object at 0x000001C74A494DD0>,56.108,1.5824,0.0,0.0,0.0,
"2,2',3,4,5,5'-PCB",-7.343,1,360.88200000000006,0,2,1,0.0,-7.68,Clc1ccc(Cl)c(c1)c2cc(Cl)c(Cl)c(Cl)c2Cl,<rdkit.DataStructs.cDataStructs.ExplicitBitVect object at 0x000001C74A494F90>,360.88200000000006,7.274000000000001,0.0,0.0,0.0,c1ccc(-c2ccccc2)cc1
cytosine,0.051,1,111.104,2,1,0,71.77000000000001,-1.155,Nc1cc[nH]c(=O)n1 ,<rdkit.DataStructs.cDataStructs.ExplicitBitVect object at 0x000001C74A495150>,111.104,-0.6479000000000001,71.77000000000001,2.0,3.0,O=c1nccc[nH]1
"1,1,2-Trichlorotrifluoroethane",-3.077,1,187.37500000000003,0,0,1,0.0,-3.04,FC(F)(Cl)C(F)(Cl)Cl,<rdkit.DataStructs.cDataStructs.ExplicitBitVect object at 0x000001C74A495310>,187.37500000000003,2.9189,0.0,0.0,0.0,
Propionitrile,-0.2689999999999999,1,55.07999999999999,0,0,0,23.79,0.28,CCC#N,<rdkit.DataStructs.cDataStructs.ExplicitBitVect object at 0x000001C74A4954D0>,55.07999999999999,0.91998,23.79,0.0,1.0,
"O,P'-DDD",-6.007999999999999,1,320.04600000000005,0,2,3,0.0,-6.51,ClC(Cl)C(c1ccc(Cl)cc1)c2ccccc2Cl ,<rdkit.DataStructs.cDataStructs.ExplicitBitVect object at 0x000001C74A495690>,320.04600000000005,5.929000000000003,0.0,0.0,0.0,c1ccc(Cc2ccccc2)cc1
o-Nitroanisole,-2.346,1,153.13699999999997,0,1,2,52.37,-1.96,COc1ccccc1N(=O)=O,<rdkit.DataStructs.cDataStructs.ExplicitBitVect object at 0x000001C74A495850>,153.13699999999997,1.6033999999999997,52.37,0.0,3.0,c1ccccc1
Prasterone,-3.564,1,288.43100000000004,1,4,0,37.3,-4.12,CC34CCC1C(CC=C2CC(O)CCC12C)C3CCC4=O,<rdkit.DataStructs.cDataStructs.ExplicitBitVect object at 0x000001C74A495A10>,288.43100000000004,3.8792000000000026,37.3,1.0,2.0,O=C1CCC2C1CCC1C3CCCCC3=CCC21
Procymidone,-3.464,1,284.142,0,3,1,37.38,-4.8,CC12CC2(C)C(=O)N(C1=O)c3cc(Cl)cc(Cl)c3,<rdkit.DataStructs.cDataStructs.ExplicitBitVect object at 0x000001C74A495BD0>,284.142,3.2829000000000024,37.38,0.0,2.0,O=C1C2CC2C(=O)N1c1ccccc1
Benzo[ghi]perylene,-6.446000000000001,2,276.338,0,6,0,0.0,-9.018,c1cc2ccc3ccc4ccc5cccc6c(c1)c2c3c4c56,<rdkit.DataStructs.cDataStructs.ExplicitBitVect object at 0x000001C74A495D90>,276.338,6.3282000000000025,0.0,0.0,0.0,c1cc2ccc3ccc4ccc5cccc6c(c1)c2c3c4c56
Dinoseb,-3.715,1,240.21499999999995,1,1,4,106.51000000000002,-3.38,CCC(C)c1cc(cc(N(=O)=O)c1O)N(=O)=O ,<rdkit.DataStructs.cDataStructs.ExplicitBitVect object at 0x000001C74A495F50>,240.21499999999995,2.7221000000000024,106.51000000000002,1.0,5.0,c1ccccc1
meconin,-0.825,1,196.202,0,2,2,44.760000000000005,-1.899,c1c(OC)c(OC)C2C(=O)OCC2c1,<rdkit.DataStructs.cDataStructs.ExplicitBitVect object at 0x000001C74A496110>,196.20199999999997,0.8497999999999999,44.760000000000005,0.0,4.0,O=C1OCC2C=CC=CC12
Glycerol,0.688,1,92.094,3,0,2,60.69,1.12,OCC(O)CO,<rdkit.DataStructs.cDataStructs.ExplicitBitVect object at 0x000001C74A4962D0>,92.09400000000001,-1.6681000000000001,60.69,3.0,3.0,
Guaiacol,-1.941,1,124.13899999999995,1,1,1,29.46,-1.96,COc1ccccc1O ,<rdkit.DataStructs.cDataStructs.ExplicitBitVect object at 0x000001C74A496490>,124.13899999999997,1.4008,29.46,1.0,2.0,c1ccccc1
chlorpyrifos,-4.972,1,350.591,0,1,6,40.58,-5.67,CCOP(=S)(OCC)Oc1nc(Cl)c(Cl)cc1Cl ,<rdkit.DataStructs.cDataStructs.ExplicitBitVect object at 0x000001C74A496650>,350.591,4.718100000000002,40.58,0.0,5.0,c1ccncc1
9-Methylanthracene,-4.87,1,192.261,0,3,0,0.0,-5.89,Cc1c2ccccc2cc3ccccc13,<rdkit.DataStructs.cDataStructs.ExplicitBitVect object at 0x000001C74A496810>,192.261,4.301420000000003,0.0,0.0,0.0,c1ccc2cc3ccccc3cc2c1
Antipyrene,-1.733,1,188.23,0,2,1,26.93,0.715,Cc1cc(=O)n(c2ccccc2)n1C,<rdkit.DataStructs.cDataStructs.ExplicitBitVect object at 0x000001C74A4969D0>,188.23000000000002,1.4844199999999999,26.93,0.0,1.0,O=c1cc[nH]n1-c1ccccc1
Methyl butyl ether ,-1.072,1,88.14999999999999,0,0,3,9.23,-0.99,CCCCOC,<rdkit.DataStructs.cDataStructs.ExplicitBitVect object at 0x000001C74A496B90>,88.14999999999999,1.4329,9.23,0.0,1.0,
7-methylpteridine,-1.24,1,146.153,0,2,0,51.56,-0.8540000000000001,Cc2cnc1cncnc1n2,<rdkit.DataStructs.cDataStructs.ExplicitBitVect object at 0x000001C74A496D50>,146.153,0.7282199999999998,51.56,0.0,4.0,c1cnc2ncncc2n1
simazine,-2.8110000000000004,1,201.661,2,1,4,62.73,-4.55,CCNc1nc(Cl)nc(NCC)n1 ,<rdkit.DataStructs.cDataStructs.ExplicitBitVect object at 0x000001C74A496F10>,201.661,1.3885999999999998,62.730000000000004,2.0,5.0,c1ncncn1
"N,N-Dimethylacetamide",0.123,1,87.12199999999999,0,0,0,20.31,1.11,CN(C)C(=O)C,<rdkit.DataStructs.cDataStructs.ExplicitBitVect object at 0x000001C74A4970D0>,87.12199999999999,0.0944999999999998,20.310000000000002,0.0,1.0,
Simetryn,-2.689,1,213.31,0,1,3,45.150000000000006,-2.676,CSc1nc(nc(n1)N(C)C)N(C)C,<rdkit.DataStructs.cDataStructs.ExplicitBitVect object at 0x000001C74A497290>,213.31,0.7254999999999998,45.150000000000006,0.0,6.0,c1ncncn1
Ethylene,-0.815,1,28.053999999999995,0,0,0,0.0,-0.4,C=C,<rdkit.DataStructs.cDataStructs.ExplicitBitVect object at 0x000001C74A497450>,28.053999999999995,0.8022,0.0,0.0,0.0,
"3,3-Dimethyl-1-butanol",-1.365,1,102.177,1,0,1,20.23,-0.5,CC(C)(C)CCO,<rdkit.DataStructs.cDataStructs.ExplicitBitVect object at 0x000001C74A497610>,102.17699999999999,1.4149,20.23,1.0,1.0,
5-Allyl-5-ethylbarbital,-1.368,1,196.206,2,1,3,75.27000000000001,-1.614,O=C1NC(=O)NC(=O)C1(CC)CC=C,<rdkit.DataStructs.cDataStructs.ExplicitBitVect object at 0x000001C74A4977D0>,196.20599999999996,0.3248999999999995,75.27000000000001,2.0,3.0,O=C1CC(=O)NC(=O)N1
"2,3,4-Trichlorophenol",-3.705,1,197.448,1,1,0,20.23,-2.67,Oc1ccc(Cl)c(Cl)c1Cl,<rdkit.DataStructs.cDataStructs.ExplicitBitVect object at 0x000001C74A497990>,197.448,3.3524000000000003,20.23,1.0,1.0,c1ccccc1
Anisole,-2.3680000000000003,1,108.13999999999996,0,1,1,9.23,-1.85,COc1ccccc1,<rdkit.DataStructs.cDataStructs.ExplicitBitVect object at 0x000001C74A497B50>,108.13999999999997,1.6952,9.23,0.0,1.0,c1ccccc1
chloropropylate,-5.093,1,339.21800000000013,1,2,4,46.53,-4.53,c1ccc(Cl)cc1C(c2ccc(Cl)cc2)(O)C(=O)OC(C)C,<rdkit.DataStructs.cDataStructs.ExplicitBitVect object at 0x000001C74A497D10>,339.21800000000013,4.180900000000003,46.53,1.0,3.0,c1ccc(Cc2ccccc2)cc1
aldosterone,-3.0660000000000003,1,360.4500000000001,2,4,3,91.67000000000002,-3.85,CC13CCC(=O)C=C1CCC4C2CCC(C(=O)CO)C2(CC(O)C34)C=O ,<rdkit.DataStructs.cDataStructs.ExplicitBitVect object at 0x000001C74A497ED0>,360.45000000000005,1.8457,91.67000000000002,2.0,5.0,O=C1C=C2CCC3C4CCCC4CCC3C2CC1
Difenoxuron,-3.928,1,286.331,1,2,4,50.8,-4.16,COc2ccc(Oc1ccc(NC(=O)N(C)C)cc1)cc2,<rdkit.DataStructs.cDataStructs.ExplicitBitVect object at 0x000001C74A497DF0>,286.331,3.581000000000002,50.800000000000004,1.0,3.0,c1ccc(Oc2ccccc2)cc1
4-Ethyltoluene,-3.3280000000000003,1,120.19499999999996,0,1,1,0.0,-3.11,CCc1ccc(C)cc1,<rdkit.DataStructs.cDataStructs.ExplicitBitVect object at 0x000001C74A497C30>,120.19499999999996,2.5574200000000005,0.0,0.0,0.0,c1ccccc1
Diisopropylsulfide,-2.162,1,118.245,0,0,2,0.0,-2.24,CC(C)SC(C)C,<rdkit.DataStructs.cDataStructs.ExplicitBitVect object at 0x000001C74A497A70>,118.24499999999999,2.5364000000000004,0.0,0.0,1.0,
"1,3-Dinitrobenzene",-2.281,1,168.10799999999995,0,1,2,86.28,-2.29,O=N(=O)c1cccc(c1)N(=O)=O,<rdkit.DataStructs.cDataStructs.ExplicitBitVect object at 0x000001C74A4978B0>,168.10799999999995,1.503,86.28,0.0,4.0,c1ccccc1
Ethion,-5.471,1,384.4870000000002,0,0,12,36.92,-5.54,CCOP(=S)(OCC)SCSP(=S)(OCC)OCC,<rdkit.DataStructs.cDataStructs.ExplicitBitVect object at 0x000001C74A4976F0>,384.4870000000002,5.005300000000004,36.92,0.0,8.0,
probarbital,-1.6030000000000002,1,198.222,2,1,2,75.27000000000001,-2.21,CCC1(C(C)C)C(=O)NC(=O)NC1=O ,<rdkit.DataStructs.cDataStructs.ExplicitBitVect object at 0x000001C74A497530>,198.22199999999998,0.40479999999999994,75.27000000000001,2.0,3.0,O=C1CC(=O)NC(=O)N1
cortisone acetate,-3.426,1,402.48700000000025,1,4,3,97.74,-4.21,CC(=O)OCC(=O)C3(O)CCC4C2CCC1=CC(=O)CCC1(C)C2C(=O)CC34C ,<rdkit.DataStructs.cDataStructs.ExplicitBitVect object at 0x000001C74A497370>,402.48700000000025,2.560600000000001,97.74000000000001,1.0,6.0,O=C1C=C2CCC3C4CCCC4CC(=O)C3C2CC1
Metronidazole,-0.8590000000000001,1,171.15599999999998,1,1,3,81.19,-1.22,Cc1ncc(N(=O)=O)n1CCO,<rdkit.DataStructs.cDataStructs.ExplicitBitVect object at 0x000001C74A4971B0>,171.15599999999998,0.09201999999999994,81.19,1.0,4.0,c1c[nH]cn1
p-Chloroaniline,-2.392,1,127.574,1,1,0,26.02,-1.66,Nc1ccc(Cl)cc1,<rdkit.DataStructs.cDataStructs.ExplicitBitVect object at 0x000001C74A496FF0>,127.574,1.9222,26.02,1.0,1.0,c1ccccc1
"2,2-Dimethylpentanol",-1.719,1,116.20399999999998,1,0,3,20.23,-1.52,CCCC(C)(C)CO,<rdkit.DataStructs.cDataStructs.ExplicitBitVect object at 0x000001C74A496E30>,116.20399999999998,1.8050000000000002,20.23,1.0,1.0,
Furane,-1.837,2,68.07499999999999,0,1,0,13.14,-0.82,c1ccoc1,<rdkit.DataStructs.cDataStructs.ExplicitBitVect object at 0x000001C74A496C70>,68.07499999999999,1.2795999999999998,13.14,0.0,1.0,c1ccoc1
Methoproptryne,-3.259,1,271.39,2,1,8,71.96000000000001,-2.928,COCCCNc1nc(NC(C)C)nc(SC)n1,<rdkit.DataStructs.cDataStructs.ExplicitBitVect object at 0x000001C74A496AB0>,271.39,1.8621999999999999,71.96000000000001,2.0,7.0,c1ncncn1
Norea,-2.47,1,222.33199999999997,1,3,1,32.34,-3.1710000000000003,CN(C)C(=O)NC1CC2CC1C3CCCC23,<rdkit.DataStructs.cDataStructs.ExplicitBitVect object at 0x000001C74A4968F0>,222.33199999999994,2.0822999999999996,32.34,1.0,1.0,C1CC2C3CCC(C3)C2C1
t-Butylbenzene ,-3.554,1,134.22199999999998,0,1,0,0.0,-3.66,CC(C)(C)c1ccccc1,<rdkit.DataStructs.cDataStructs.ExplicitBitVect object at 0x000001C74A496730>,134.22199999999998,2.9841000000000015,0.0,0.0,0.0,c1ccccc1
kebuzone,-2.645,1,322.36400000000003,0,3,5,57.690000000000005,-3.27,CC(=O)CCC1C(=O)N(N(C1=O)c2ccccc2)c3ccccc3,<rdkit.DataStructs.cDataStructs.ExplicitBitVect object at 0x000001C74A496570>,322.36400000000003,2.966800000000001,57.690000000000005,0.0,3.0,O=C1CC(=O)N(c2ccccc2)N1c1ccccc1
prednisolone acetate,-3.507,1,402.48700000000014,2,4,3,100.90000000000002,-4.37,CC(=O)OCC(=O)C3(O)CCC4C2CCC1=CC(=O)C=CC1(C)C2C(O)CC34C ,<rdkit.DataStructs.cDataStructs.ExplicitBitVect object at 0x000001C74A4963B0>,402.48700000000014,2.1284,100.90000000000002,2.0,6.0,O=C1C=CC2C(=C1)CCC1C3CCCC3CCC21
Methyl propyl ether ,-0.718,1,74.12299999999999,0,0,2,9.23,-0.39,CCCOC,<rdkit.DataStructs.cDataStructs.ExplicitBitVect object at 0x000001C74A4961F0>,74.12299999999999,1.0428,9.23,0.0,1.0,
Isopropyl acetate,-1.1909999999999998,1,102.133,0,0,1,26.3,-0.55,CC(C)OC(=O)C,<rdkit.DataStructs.cDataStructs.ExplicitBitVect object at 0x000001C74A496030>,102.133,0.9579,26.3,0.0,2.0,
Bromobenzene,-3.345,1,157.01,0,1,0,0.0,-2.55,Brc1ccccc1,<rdkit.DataStructs.cDataStructs.ExplicitBitVect object at 0x000001C74A495E70>,157.01,2.4491000000000005,0.0,0.0,0.0,c1ccccc1
Ethyl-p-hydroxybenzoate ,-2.761,1,166.176,1,1,2,46.53,-2.35,CCOC(=O)c1ccc(O)cc1,<rdkit.DataStructs.cDataStructs.ExplicitBitVect object at 0x000001C74A495CB0>,166.176,1.5689,46.53,1.0,3.0,c1ccccc1
3-Butanoyloxymethylphenytoin,-3.469,1,352.39000000000004,1,3,6,75.71,-5.071000000000001,O=C1N(COC(=O)CCC)C(=O)C(N1)(c2ccccc2)c3ccccc3,<rdkit.DataStructs.cDataStructs.ExplicitBitVect object at 0x000001C74A495AF0>,352.39000000000004,2.782800000000001,75.71,1.0,4.0,O=C1NC(=O)C(c2ccccc2)(c2ccccc2)N1
testosterone propionate,-4.87,1,344.4950000000001,0,4,2,43.370000000000005,-5.37,CCC(=O)OC3CCC4C2CCC1=CC(=O)CCC1(C)C2CCC34C ,<rdkit.DataStructs.cDataStructs.ExplicitBitVect object at 0x000001C74A495930>,344.4950000000001,4.840100000000005,43.370000000000005,0.0,3.0,O=C1C=C2CCC3C4CCCC4CCC3C2CC1
Coronene,-6.885,2,300.36000000000007,0,7,0,0.0,-9.332,c1cc2ccc3ccc4ccc5ccc6ccc1c7c2c3c4c5c67,<rdkit.DataStructs.cDataStructs.ExplicitBitVect object at 0x000001C74A495770>,300.36000000000007,6.919200000000002,0.0,0.0,0.0,c1cc2ccc3ccc4ccc5ccc6ccc1c1c2c3c4c5c61
allopurinol,-0.84,1,136.114,2,2,0,74.43,-2.266,O=c1[nH]cnc2[nH]ncc12 ,<rdkit.DataStructs.cDataStructs.ExplicitBitVect object at 0x000001C74A4955B0>,136.114,-0.35380000000000006,74.43,2.0,3.0,O=c1[nH]cnc2[nH]ncc12
Chloroethylene,-1.188,1,62.499,0,0,0,0.0,-1.75,ClC=C,<rdkit.DataStructs.cDataStructs.ExplicitBitVect object at 0x000001C74A4953F0>,62.499,1.3687,0.0,0.0,0.0,
diphenamid,-3.147,1,239.318,0,2,3,20.31,-2.98,CN(C)C(=O)C(c1ccccc1)c2ccccc2 ,<rdkit.DataStructs.cDataStructs.ExplicitBitVect object at 0x000001C74A495230>,239.318,2.9067000000000016,20.310000000000002,0.0,1.0,c1ccc(Cc2ccccc2)cc1
Tetrabromomethane,-4.063,1,331.62699999999995,0,0,0,0.0,-3.14,BrC(Br)(Br)Br,<rdkit.DataStructs.cDataStructs.ExplicitBitVect object at 0x000001C74A495070>,331.62699999999995,3.1773000000000002,0.0,0.0,0.0,
RTI 22,-4.408,1,296.374,1,3,2,48.47,-4.871,CCN2c1cc(N(C)C)cc(C)c1NC(=O)c3cccnc23 ,<rdkit.DataStructs.cDataStructs.ExplicitBitVect object at 0x000001C74A494EB0>,296.374,3.1797200000000014,48.47,1.0,4.0,O=C1Nc2ccccc2Nc2ncccc21
phthalimide,-1.882,1,147.13299999999998,1,2,0,46.17,-2.61,O=C1NC(=O)c2ccccc12 ,<rdkit.DataStructs.cDataStructs.ExplicitBitVect object at 0x000001C74A494CF0>,147.13299999999998,0.5702,46.17,1.0,2.0,O=C1NC(=O)c2ccccc21
Fenarimol,-4.1080000000000005,1,331.202,1,3,3,46.010000000000005,-4.38,OC(c1ccc(Cl)cc1)(c2cncnc2)c3ccccc3Cl,<rdkit.DataStructs.cDataStructs.ExplicitBitVect object at 0x000001C74A494B30>,331.202,4.0676000000000005,46.010000000000005,1.0,3.0,c1ccc(C(c2ccccc2)c2cncnc2)cc1
Methyl benzoate ,-2.462,1,136.14999999999998,0,1,1,26.3,-1.85,COC(=O)c1ccccc1,<rdkit.DataStructs.cDataStructs.ExplicitBitVect object at 0x000001C74A494970>,136.14999999999998,1.4732,26.3,0.0,2.0,c1ccccc1
1-methyluracil,-0.375,1,126.115,1,1,0,54.86,-0.807,Cn1ccc(=O)[nH]c1=O,<rdkit.DataStructs.cDataStructs.ExplicitBitVect object at 0x000001C74A4947B0>,126.115,-0.9264000000000001,54.86,1.0,2.0,O=c1cc[nH]c(=O)[nH]1
oxyphenbutazone,-3.739,1,324.38000000000005,1,3,5,60.85000000000001,-3.73,CCCCC1C(=O)N(N(C1=O)c2ccc(O)cc2)c3ccccc3 ,<rdkit.DataStructs.cDataStructs.ExplicitBitVect object at 0x000001C74A4945F0>,324.38000000000005,3.493400000000002,60.85000000000001,1.0,3.0,O=C1CC(=O)N(c2ccccc2)N1c1ccccc1
"2,2',3,5'-PCB",-6.155,1,291.9920000000001,0,2,1,0.0,-6.47,Clc1ccc(Cl)c(c1)c2cccc(Cl)c2Cl ,<rdkit.DataStructs.cDataStructs.ExplicitBitVect object at 0x000001C74A494430>,291.9920000000001,5.967200000000002,0.0,0.0,0.0,c1ccc(-c2ccccc2)cc1
Quinethazone,-2.184,1,289.7440000000001,3,2,2,101.29,-3.29,CCC2NC(=O)c1cc(c(Cl)cc1N2)S(N)(=O)=O,<rdkit.DataStructs.cDataStructs.ExplicitBitVect object at 0x000001C74A494270>,289.7440000000001,0.8788,101.28999999999999,3.0,4.0,O=C1NCNc2ccccc21
Diuron,-3.301,1,233.098,1,1,1,32.34,-3.8,CN(C)C(=O)Nc1ccc(Cl)c(Cl)c1,<rdkit.DataStructs.cDataStructs.ExplicitBitVect object at 0x000001C74A4940B0>,233.09799999999998,3.0869000000000018,32.34,1.0,1.0,c1ccccc1
Cyclopentene ,-1.72,2,68.11900000000001,0,1,0,0.0,-2.1,C1CC=CC1,<rdkit.DataStructs.cDataStructs.ExplicitBitVect object at 0x000001C74A498120>,68.11900000000001,1.7265,0.0,0.0,0.0,C1=CCCC1
alloxantin,0.919,1,286.156,6,2,1,191.0,-1.99,C1(=O)NC(=O)NC(=O)C1(O)C2(O)C(=O)NC(=O)NC2(=O),<rdkit.DataStructs.cDataStructs.ExplicitBitVect object at 0x000001C74A4982E0>,286.156,-4.819399999999998,191.0,6.0,8.0,O=C1NC(=O)C(C2C(=O)NC(=O)NC2=O)C(=O)N1
Nonane,-3.678,1,128.259,0,0,6,0.0,-5.88,CCCCCCCCC,<rdkit.DataStructs.cDataStructs.ExplicitBitVect object at 0x000001C74A4984A0>,128.259,3.7569000000000026,0.0,0.0,0.0,
2-Chlorophenol,-2.553,1,128.558,1,1,0,20.23,-1.06,Oc1ccccc1Cl,<rdkit.DataStructs.cDataStructs.ExplicitBitVect object at 0x000001C74A498660>,128.558,2.0456000000000003,20.23,1.0,1.0,c1ccccc1
5-Methylchrysene,-5.931,1,242.321,0,4,0,0.0,-6.59,c1cccc2c3c(C)cc4ccccc4c3ccc12,<rdkit.DataStructs.cDataStructs.ExplicitBitVect object at 0x000001C74A498820>,242.321,5.454620000000004,0.0,0.0,0.0,c1ccc2c(c1)ccc1c3ccccc3ccc21
Phenetole,-2.66,1,122.16699999999996,0,1,2,9.23,-2.33,CCOc1ccccc1,<rdkit.DataStructs.cDataStructs.ExplicitBitVect object at 0x000001C74A4989E0>,122.16699999999996,2.0853,9.23,0.0,1.0,c1ccccc1
ethyl cinnamate,-3.0980000000000003,1,176.215,0,1,3,26.3,-3.0,CCOC(=O)C=Cc1ccccc1,<rdkit.DataStructs.cDataStructs.ExplicitBitVect object at 0x000001C74A498BA0>,176.215,2.2629,26.3,0.0,2.0,c1ccccc1
Terbacil,-3.033,1,216.668,1,1,0,54.86,-2.484,Cc1[nH]c(=O)n(c(=O)c1Cl)C(C)(C)C,<rdkit.DataStructs.cDataStructs.ExplicitBitVect object at 0x000001C74A498D60>,216.66799999999998,1.2534200000000002,54.86,1.0,2.0,O=c1cc[nH]c(=O)[nH]1
Clonazepam,-3.707,1,315.716,1,3,2,84.6,-3.499,Clc1ccccc1C2=NCC(=O)Nc3ccc(cc23)N(=O)=O,<rdkit.DataStructs.cDataStructs.ExplicitBitVect object at 0x000001C74A498F20>,315.716,3.037700000000001,84.6,1.0,4.0,O=C1CN=C(c2ccccc2)c2ccccc2N1
p-Toluenesulfonamide ,-1.815,1,171.22099999999998,1,1,1,60.16,-1.74,Cc1ccc(cc1)S(=O)(=O)N,<rdkit.DataStructs.cDataStructs.ExplicitBitVect object at 0x000001C74A4990E0>,171.22099999999998,0.6424200000000001,60.16,1.0,2.0,c1ccccc1
Chlorbufam,-3.629,1,223.659,1,1,2,38.33,-2.617,CC(OC(=O)Nc1cccc(Cl)c1)C#C,<rdkit.DataStructs.cDataStructs.ExplicitBitVect object at 0x000001C74A4992A0>,223.659,2.9102000000000006,38.33,1.0,2.0,c1ccccc1
2-Methylheptane,-3.3080000000000003,1,114.232,0,0,4,0.0,-5.08,CCCCCC(C)C,<rdkit.DataStructs.cDataStructs.ExplicitBitVect object at 0x000001C74A499460>,114.23199999999999,3.2227000000000023,0.0,0.0,0.0,
Cyhalothrin,-6.905,1,449.8560000000001,0,3,6,59.32000000000001,-8.176,CC1(C)C(C=C(Cl)C(F)(F)F)C1C(=O)OC(C#N)c2cccc(Oc3ccccc3)c2,<rdkit.DataStructs.cDataStructs.ExplicitBitVect object at 0x000001C74A499620>,449.8560000000001,6.543980000000005,59.32000000000001,0.0,4.0,O=C(OCc1cccc(Oc2ccccc2)c1)C1CC1
Apazone,-2.9,1,300.3620000000001,0,3,2,56.220000000000006,-3.5380000000000003,CCCC1C(=O)N3N(C1=O)c2cc(C)ccc2N=C3N(C)C ,<rdkit.DataStructs.cDataStructs.ExplicitBitVect object at 0x000001C74A4997E0>,300.3620000000001,2.0642199999999997,56.220000000000006,0.0,4.0,O=C1CC(=O)N2c3ccccc3N=CN12
Diazepam,-4.05,1,284.74600000000004,0,3,1,32.67,-3.754,CN2C(=O)CN=C(c1ccccc1)c3cc(Cl)ccc23,<rdkit.DataStructs.cDataStructs.ExplicitBitVect object at 0x000001C74A4999A0>,284.74600000000004,3.153800000000002,32.67,0.0,2.0,O=C1CN=C(c2ccccc2)c2ccccc2N1
2-Methyl-3-pentanol,-1.308,1,102.177,1,0,2,20.23,-0.7,CCC(O)C(C)C,<rdkit.DataStructs.cDataStructs.ExplicitBitVect object at 0x000001C74A499B60>,102.17699999999999,1.4133,20.23,1.0,1.0,
fensulfothion,-3.283,1,308.36100000000005,0,1,7,44.760000000000005,-2.3,CCOP(=S)(OCC)Oc1ccc(cc1)S(C)=O ,<rdkit.DataStructs.cDataStructs.ExplicitBitVect object at 0x000001C74A499D20>,308.36100000000005,3.1003000000000016,44.760000000000005,0.0,5.0,c1ccccc1
borneol,-2.423,1,154.253,1,2,0,20.23,-2.32,CC1(C)C2CCC1(C)C(O)C2,<rdkit.DataStructs.cDataStructs.ExplicitBitVect object at 0x000001C74A499EE0>,154.253,2.1935000000000002,20.23,1.0,1.0,C1CC2CCC1C2
Testosterone,-3.659,1,288.431,1,4,0,37.3,-4.02,CC12CCC3C(CCC4=CC(=O)CCC34C)C2CCC1O,<rdkit.DataStructs.cDataStructs.ExplicitBitVect object at 0x000001C74A49A0A0>,288.431,3.879200000000003,37.3,1.0,2.0,O=C1C=C2CCC3C4CCCC4CCC3C2CC1
Heptane,-2.97,1,100.205,0,0,4,0.0,-4.53,CCCCCCC,<rdkit.DataStructs.cDataStructs.ExplicitBitVect object at 0x000001C74A49A260>,100.205,2.976700000000002,0.0,0.0,0.0,
1-Napthol,-3.08,1,144.17299999999997,1,2,0,20.23,-2.22,Oc1cccc2ccccc12,<rdkit.DataStructs.cDataStructs.ExplicitBitVect object at 0x000001C74A49A420>,144.17299999999997,2.5454000000000008,20.23,1.0,1.0,c1ccc2ccccc2c1
"cis-1,2-Dimethylcyclohexane",-3.305,1,112.216,0,1,0,0.0,-4.3,C/C1CCCCC1\C,<rdkit.DataStructs.cDataStructs.ExplicitBitVect object at 0x000001C74A49A5E0>,112.216,2.832600000000001,0.0,0.0,0.0,C1CCCCC1
Trimazosin,-3.958,1,435.48100000000034,2,3,6,132.5,-3.638,COc2cc1c(N)nc(nc1c(OC)c2OC)N3CCN(CC3)C(=O)OCC(C)(C)O ,<rdkit.DataStructs.cDataStructs.ExplicitBitVect object at 0x000001C74A49A7A0>,435.48100000000034,1.2672999999999996,132.5,2.0,10.0,c1ccc2nc(N3CCNCC3)ncc2c1
Cholanthrene,-5.942,2,254.332,0,5,0,0.0,-7.85,C1Cc2c3c1cccc3cc4c2ccc5ccccc54,<rdkit.DataStructs.cDataStructs.ExplicitBitVect object at 0x000001C74A49A960>,254.33199999999997,5.244800000000004,0.0,0.0,0.0,c1cc2c3c(c4ccc5ccccc5c4cc3c1)CC2
Medrogestone,-4.593,1,340.5070000000001,0,4,1,34.14,-5.27,CC(=O)C3(C)CCC4C2C=C(C)C1=CC(=O)CCC1(C)C2CCC34C,<rdkit.DataStructs.cDataStructs.ExplicitBitVect object at 0x000001C74A49AB20>,340.5070000000001,5.279700000000005,34.14,0.0,2.0,O=C1C=C2C=CC3C4CCCC4CCC3C2CC1
2-Heptanone,-1.554,1,114.188,0,0,4,17.07,-1.45,CCCCCC(=O)C,<rdkit.DataStructs.cDataStructs.ExplicitBitVect object at 0x000001C74A49ACE0>,114.18799999999999,2.1557000000000004,17.07,0.0,1.0,
Acephate,-0.416,1,183.169,1,0,3,55.4,0.54,COP(=O)(NC(C)=O)SC ,<rdkit.DataStructs.cDataStructs.ExplicitBitVect object at 0x000001C74A49AEA0>,183.16899999999998,1.24,55.4,1.0,4.0,
DEF,-4.074,1,314.5220000000001,0,0,12,17.07,-5.14,CCCCSP(=O)(SCCCC)SCCCC,<rdkit.DataStructs.cDataStructs.ExplicitBitVect object at 0x000001C74A49B060>,314.5220000000001,6.694400000000005,17.07,0.0,4.0,
phthalamide,-0.636,1,149.149,1,2,0,46.17,-2.932,c1cC2C(=O)NC(=O)C2cc1,<rdkit.DataStructs.cDataStructs.ExplicitBitVect object at 0x000001C74A49B220>,149.149,0.0011999999999999234,46.17,1.0,2.0,O=C1NC(=O)C2C=CC=CC12
Trichlomethiazide,-2.98,1,380.662,3,2,2,118.36,-2.68,NS(=O)(=O)c2cc1c(NC(NS1(=O)=O)C(Cl)Cl)cc2Cl ,<rdkit.DataStructs.cDataStructs.ExplicitBitVect object at 0x000001C74A49B3E0>,380.66200000000003,0.8210000000000011,118.35999999999999,3.0,5.0,O=S1(=O)NCNc2ccccc21
2-Methy-2-Butene,-1.994,1,70.13499999999999,0,0,0,0.0,-2.56,CC=C(C)C,<rdkit.DataStructs.cDataStructs.ExplicitBitVect object at 0x000001C74A49B5A0>,70.13499999999999,1.9725,0.0,0.0,0.0,
"1,2,4-Trimethylbenzene",-3.343,1,120.195,0,1,0,0.0,-3.31,Cc1ccc(C)c(C)c1,<rdkit.DataStructs.cDataStructs.ExplicitBitVect object at 0x000001C74A49B760>,120.195,2.611860000000001,0.0,0.0,0.0,c1ccccc1
"2,4,5-Trichlorophenol ",-3.78,1,197.448,1,1,0,20.23,-2.21,Oc1cc(Cl)c(Cl)cc1Cl,<rdkit.DataStructs.cDataStructs.ExplicitBitVect object at 0x000001C74A49B920>,197.448,3.3524000000000003,20.23,1.0,1.0,c1ccccc1
phenanthridine,-3.713,2,179.22199999999998,0,3,0,12.89,-2.78,c1ccc2c(c1)cnc3ccccc23 ,<rdkit.DataStructs.cDataStructs.ExplicitBitVect object at 0x000001C74A49BAE0>,179.22199999999998,3.388000000000001,12.89,0.0,1.0,c1ccc2c(c1)cnc1ccccc12
3-Methyl-3-hexanol,-1.663,1,116.20399999999998,1,0,3,20.23,-0.98,CCCC(C)(O)CC,<rdkit.DataStructs.cDataStructs.ExplicitBitVect object at 0x000001C74A49BCA0>,116.20399999999998,1.9475,20.23,1.0,1.0,
Octane,-3.324,1,114.232,0,0,5,0.0,-5.24,CCCCCCCC,<rdkit.DataStructs.cDataStructs.ExplicitBitVect object at 0x000001C74A49BE60>,114.232,3.3668000000000022,0.0,0.0,0.0,
Anthracene,-4.518,2,178.23399999999995,0,3,0,0.0,-6.35,c1ccc2cc3ccccc3cc2c1,<rdkit.DataStructs.cDataStructs.ExplicitBitVect object at 0x000001C74A49BF40>,178.23399999999995,3.993000000000002,0.0,0.0,0.0,c1ccc2cc3ccccc3cc2c1
Phenylhydrazine,-1.866,1,108.14399999999998,2,1,1,38.05,0.07,NNc1ccccc1,<rdkit.DataStructs.cDataStructs.ExplicitBitVect object at 0x000001C74A49BD80>,108.14399999999998,0.9722000000000002,38.05,2.0,2.0,c1ccccc1
Propionaldehyde,-0.3939999999999999,1,58.08,0,0,1,17.07,0.58,CCC=O,<rdkit.DataStructs.cDataStructs.ExplicitBitVect object at 0x000001C74A49BBC0>,58.08,0.5952999999999999,17.07,0.0,1.0,
Cyclooctane,-3.355,2,112.216,0,1,0,0.0,-4.15,C1CCCCCCC1,<rdkit.DataStructs.cDataStructs.ExplicitBitVect object at 0x000001C74A49BA00>,112.21600000000001,3.120800000000002,0.0,0.0,0.0,C1CCCCCCC1
"5,5-Diallylbarbital",-1.471,1,208.217,2,1,4,75.27000000000001,-2.077,O=C1NC(=O)NC(=O)C1(CC=C)CC=C,<rdkit.DataStructs.cDataStructs.ExplicitBitVect object at 0x000001C74A49B840>,208.21699999999996,0.49099999999999966,75.27000000000001,2.0,3.0,O=C1CC(=O)NC(=O)N1
Trichloromethane,-1.812,1,119.378,0,0,0,0.0,-1.17,ClC(Cl)Cl,<rdkit.DataStructs.cDataStructs.ExplicitBitVect object at 0x000001C74A49B680>,119.37800000000001,1.9864,0.0,0.0,0.0,
thiouracil,-0.992,1,128.15599999999998,2,1,0,45.75,-2.273,Sc1nccc(=O)[nH]1 ,<rdkit.DataStructs.cDataStructs.ExplicitBitVect object at 0x000001C74A49B4C0>,128.15599999999998,0.05860000000000004,45.75,2.0,3.0,O=c1ccnc[nH]1
Pencycuron,-5.126,1,328.843,1,3,4,32.34,-5.915,Clc1ccc(CN(C2CCCC2)C(=O)Nc3ccccc3)cc1,<rdkit.DataStructs.cDataStructs.ExplicitBitVect object at 0x000001C74A49B300>,328.84299999999996,5.316700000000004,32.34,1.0,1.0,O=C(Nc1ccccc1)N(Cc1ccccc1)C1CCCC1
1-Methylcyclohexene ,-2.574,1,96.17300000000002,0,1,0,0.0,-3.27,CC1=CCCCC1,<rdkit.DataStructs.cDataStructs.ExplicitBitVect object at 0x000001C74A49B140>,96.17300000000002,2.5067000000000004,0.0,0.0,0.0,C1=CCCCC1
2-Ethylhexanal,-2.232,1,128.21499999999995,0,0,5,17.07,-2.13,CCCCC(CC)C=O,<rdkit.DataStructs.cDataStructs.ExplicitBitVect object at 0x000001C74A49AF80>,128.21499999999997,2.401700000000001,17.07,0.0,1.0,
Khellin,-3.603,1,260.24499999999995,0,3,2,61.81,-3.0210000000000004,COc2c1occc1c(OC)c3c(=O)cc(C)oc23 ,<rdkit.DataStructs.cDataStructs.ExplicitBitVect object at 0x000001C74A49ADC0>,260.24499999999995,2.8648200000000017,61.81,0.0,5.0,O=c1ccoc2cc3occc3cc12
5-Ethyl-5-(3-methylbutyl)barbital,-2.312,1,226.27599999999995,2,1,4,75.27000000000001,-2.658,O=C1NC(=O)NC(=O)C1(CC)CCC(C)C,<rdkit.DataStructs.cDataStructs.ExplicitBitVect object at 0x000001C74A49AC00>,226.27599999999995,1.1849999999999992,75.27000000000001,2.0,3.0,O=C1CC(=O)NC(=O)N1
Benzo(j)fluoranthene,-6.007000000000001,2,252.316,0,5,0,0.0,-8.0,c1ccc2c3c(ccc2c1)c4cccc5cccc3c45,<rdkit.DataStructs.cDataStructs.ExplicitBitVect object at 0x000001C74A49AA40>,252.31599999999997,5.640400000000003,0.0,0.0,0.0,c1ccc2c3c(ccc2c1)-c1cccc2cccc-3c12
2-Ethylbutanal,-1.523,1,100.161,0,0,3,17.07,-1.52,CCC(CC)C=O,<rdkit.DataStructs.cDataStructs.ExplicitBitVect object at 0x000001C74A49A880>,100.16099999999999,1.6215,17.07,0.0,1.0,
Dipropyl ether,-1.426,1,102.177,0,0,4,9.23,-1.62,CCCOCCC,<rdkit.DataStructs.cDataStructs.ExplicitBitVect object at 0x000001C74A49A6C0>,102.17699999999999,1.823,9.23,0.0,1.0,
1-Tetradecanol,-4.231,1,214.39299999999997,1,0,12,20.23,-5.84,CCCCCCCCCCCCCCO,<rdkit.DataStructs.cDataStructs.ExplicitBitVect object at 0x000001C74A49A500>,214.39299999999994,4.679800000000005,20.23,1.0,1.0,
"2,3,6-Trichlorophenol",-3.572,1,197.448,1,1,0,20.23,-2.64,Oc1c(Cl)ccc(Cl)c1Cl,<rdkit.DataStructs.cDataStructs.ExplicitBitVect object at 0x000001C74A49A340>,197.44799999999998,3.3523999999999994,20.23,1.0,1.0,c1ccccc1
Urea,0.8320000000000001,1,60.056,2,0,0,69.11,0.96,NC(=O)N,<rdkit.DataStructs.cDataStructs.ExplicitBitVect object at 0x000001C74A49A180>,60.056,-0.9762,69.11,2.0,1.0,
1-Pentyne,-1.446,1,68.11899999999999,0,0,1,0.0,-1.64,CCCC#C,<rdkit.DataStructs.cDataStructs.ExplicitBitVect object at 0x000001C74A499FC0>,68.11899999999999,1.4197,0.0,0.0,0.0,
"1,3-Dibromobenzene",-4.298,1,235.906,0,1,0,0.0,-3.54,Brc1cccc(Br)c1,<rdkit.DataStructs.cDataStructs.ExplicitBitVect object at 0x000001C74A499E00>,235.90599999999998,3.2116000000000007,0.0,0.0,0.0,c1ccccc1
1-Octadecanol,-5.649,1,270.50099999999986,1,0,16,20.23,-8.4,CCCCCCCCCCCCCCCCCCO,<rdkit.DataStructs.cDataStructs.ExplicitBitVect object at 0x000001C74A499C40>,270.50099999999986,6.240200000000008,20.23,1.0,1.0,
Acetanilide,-1.857,1,135.16599999999997,1,1,1,29.1,-1.33,CC(=O)Nc1ccccc1,<rdkit.DataStructs.cDataStructs.ExplicitBitVect object at 0x000001C74A499A80>,135.16599999999997,1.6449999999999998,29.1,1.0,1.0,c1ccccc1
hematein,-1.795,1,300.266,4,4,0,107.22,-2.7,c1cc(O)c(O)c2OCC3(O)CC4=CC(=O)C(O)=CC4=C3c21,<rdkit.DataStructs.cDataStructs.ExplicitBitVect object at 0x000001C74A4998C0>,300.266,1.3295999999999997,107.22000000000001,4.0,6.0,O=C1C=CC2=C3c4ccccc4OCC3CC2=C1
Isonazid,-0.7170000000000001,1,137.14200000000002,2,1,1,68.01,0.009,c1nccc(C(=O)NN)c1,<rdkit.DataStructs.cDataStructs.ExplicitBitVect object at 0x000001C74A499700>,137.14200000000002,-0.3149000000000001,68.01,2.0,3.0,c1ccncc1
hydroxychlordene,-4.156000000000001,1,354.8749999999999,1,3,0,20.23,-5.46,OC1C=CC2C1C3(Cl)C(=C(Cl)C2(Cl)C3(Cl)Cl)Cl ,<rdkit.DataStructs.cDataStructs.ExplicitBitVect object at 0x000001C74A499540>,354.8749999999999,3.995,20.23,1.0,1.0,C1=CC2C3C=CC(C3)C2C1
Isopentyl formate,-1.449,1,116.15999999999998,0,0,4,26.3,-1.52,CC(C)CCOC=O,<rdkit.DataStructs.cDataStructs.ExplicitBitVect object at 0x000001C74A499380>,116.15999999999998,1.2055,26.3,0.0,2.0,
Acetophenone,-2.0780000000000003,1,120.15099999999995,0,1,1,17.07,-1.28,CC(=O)c1ccccc1,<rdkit.DataStructs.cDataStructs.ExplicitBitVect object at 0x000001C74A4991C0>,120.15099999999995,1.8892,17.07,0.0,1.0,c1ccccc1
biquinoline,-4.9030000000000005,2,256.308,0,4,1,25.78,-5.4,c2ccc1nc(ccc1c2)c4ccc3ccccc3n4 ,<rdkit.DataStructs.cDataStructs.ExplicitBitVect object at 0x000001C74A499000>,256.308,4.450000000000003,25.78,0.0,2.0,c1ccc2nc(-c3ccc4ccccc4n3)ccc2c1
Triethyl phosphate,-0.953,1,182.156,0,0,6,44.760000000000005,0.43,CCOP(=O)(OCC)OCC,<rdkit.DataStructs.cDataStructs.ExplicitBitVect object at 0x000001C74A498E40>,182.15599999999998,2.2039999999999997,44.760000000000005,0.0,4.0,
D-fenchone,-2.158,1,152.237,0,2,0,17.07,-1.85,CC2(C)C1CCC(C)(C1)C2=O,<rdkit.DataStructs.cDataStructs.ExplicitBitVect object at 0x000001C74A498C80>,152.237,2.401700000000001,17.07,0.0,1.0,O=C1CC2CCC1C2
7-methoxypteridine,-1.589,1,162.152,0,2,1,60.790000000000006,-0.91,COc2cnc1cncnc1n2,<rdkit.DataStructs.cDataStructs.ExplicitBitVect object at 0x000001C74A498AC0>,162.152,0.42839999999999984,60.790000000000006,0.0,5.0,c1cnc2ncncc2n1
Chlordene,-5.152,1,338.876,0,3,0,0.0,-5.64,ClC2=C(Cl)C3(Cl)C1C=CCC1C2(Cl)C3(Cl)Cl ,<rdkit.DataStructs.cDataStructs.ExplicitBitVect object at 0x000001C74A498900>,338.876,5.024200000000001,0.0,0.0,0.0,C1=CC2C3C=CC(C3)C2C1
2-Nitropropane,-0.743,1,89.094,0,0,1,43.14,-0.62,CC(C)N(=O)=O,<rdkit.DataStructs.cDataStructs.ExplicitBitVect object at 0x000001C74A498740>,89.094,0.6715,43.14,0.0,2.0,
Carbazole,-3.836,2,167.21099999999998,1,3,0,15.79,-5.27,c1ccc2c(c1)[nH]c3ccccc32,<rdkit.DataStructs.cDataStructs.ExplicitBitVect object at 0x000001C74A498580>,167.21099999999998,3.3211000000000013,15.79,1.0,0.0,c1ccc2c(c1)[nH]c1ccccc12
Erythritol,0.675,1,122.12,4,0,3,80.92,0.7,OCC(O)C(O)CO,<rdkit.DataStructs.cDataStructs.ExplicitBitVect object at 0x000001C74A4983C0>,122.11999999999999,-2.3071999999999995,80.92,4.0,4.0,
Risocaine,-2.709,1,179.21899999999997,1,1,3,52.32,-2.452,CCCOC(=O)c1ccc(N)cc1,<rdkit.DataStructs.cDataStructs.ExplicitBitVect object at 0x000001C74A498200>,179.21899999999997,1.8356,52.32,1.0,3.0,c1ccccc1
Azodrin,-0.949,1,223.165,1,0,5,73.86,0.6509999999999999,CNC(=O)C=C(C)OP(=O)(OC)OC,<rdkit.DataStructs.cDataStructs.ExplicitBitVect object at 0x000001C74A498040>,223.16499999999996,1.0536999999999999,73.86,1.0,5.0,
Succinimide,0.282,1,99.089,1,1,0,46.17,0.3,O=C1CCC(=O)N1,<rdkit.DataStructs.cDataStructs.ExplicitBitVect object at 0x000001C74A474F90>,99.089,-0.577,46.17,1.0,2.0,O=C1CCC(=O)N1
"2,3-Dimethylpentane",-2.938,1,100.20499999999998,0,0,2,0.0,-4.28,CCC(C)C(C)C,<rdkit.DataStructs.cDataStructs.ExplicitBitVect object at 0x000001C74A475230>,100.20499999999998,2.6885000000000012,0.0,0.0,0.0,
bupirimate,-3.4930000000000003,1,316.4270000000001,1,1,8,84.42,-4.16,CCCCc1c(C)nc(NCC)nc1OS(=O)(=O)N(C)C ,<rdkit.DataStructs.cDataStructs.ExplicitBitVect object at 0x000001C74A474EB0>,316.4270000000001,1.74462,84.42,1.0,6.0,c1cncnc1
RTI 16,-3.411,1,270.361,0,3,1,32.260000000000005,-4.634,CCN2c1ncccc1N(C)C(=S)c3cccnc23 ,<rdkit.DataStructs.cDataStructs.ExplicitBitVect object at 0x000001C74A46E490>,270.361,2.759900000000001,32.260000000000005,0.0,4.0,S=C1Nc2cccnc2Nc2ncccc21
RTI 9,-3.784,1,239.274,0,3,1,29.54,-3.68,O2c1ccccc1N(CC)C(=O)c3ccccc23 ,<rdkit.DataStructs.cDataStructs.ExplicitBitVect object at 0x000001C74A46E3B0>,239.274,3.4590000000000023,29.54,0.0,2.0,O=C1Nc2ccccc2Oc2ccccc21
Tetrahydropyran ,-0.978,2,86.134,0,1,0,9.23,-0.03,C1CCOCC1,<rdkit.DataStructs.cDataStructs.ExplicitBitVect object at 0x000001C74A40FF40>,86.134,1.1869,9.23,0.0,1.0,C1CCOCC1
1-Heptyne,-2.155,1,96.173,0,0,3,0.0,-3.01,CCCCCC#C,<rdkit.DataStructs.cDataStructs.ExplicitBitVect object at 0x000001C74A40FD80>,96.17299999999999,2.1999000000000004,0.0,0.0,0.0,
osthole,-4.0760000000000005,1,244.28999999999996,0,2,3,39.44,-4.314,c1cc2ccc(OC)c(CC=C(C)(C))c2oc1=O ,<rdkit.DataStructs.cDataStructs.ExplicitBitVect object at 0x000001C74A40FBC0>,244.28999999999994,3.3103000000000025,39.44,0.0,3.0,O=c1ccc2ccccc2o1
3-Methylcholanthrene,-6.311,1,268.3589999999999,0,5,0,0.0,-7.92,c1cc(C)cc2c1c3cc4cccc5CCc(c45)c3cc2,<rdkit.DataStructs.cDataStructs.ExplicitBitVect object at 0x000001C74A40FA00>,268.3589999999999,5.553220000000004,0.0,0.0,0.0,c1cc2c3c(c4ccc5ccccc5c4cc3c1)CC2
Ethyl benzoate ,-2.775,1,150.177,0,1,2,26.3,-2.32,CCOC(=O)c1ccccc1,<rdkit.DataStructs.cDataStructs.ExplicitBitVect object at 0x000001C74A40F840>,150.177,1.8633,26.3,0.0,2.0,c1ccccc1
1-Chloro-2-methylpropane,-1.924,1,92.569,0,0,1,0.0,-2.0,ClCC(C)C,<rdkit.DataStructs.cDataStructs.ExplicitBitVect object at 0x000001C74A40F680>,92.569,1.8812,0.0,0.0,0.0,
Ethinyl estradiol,-4.317,1,296.41,2,4,0,40.46,-4.3,CC34CCC1C(CCc2cc(O)ccc12)C3CCC4(O)C#C ,<rdkit.DataStructs.cDataStructs.ExplicitBitVect object at 0x000001C74A40F4C0>,296.41,3.6126000000000023,40.46,2.0,2.0,c1ccc2c(c1)CCC1C2CCC2CCCC21
methyl laurate,-4.025,1,214.349,0,0,10,26.3,-4.69,CCCCCCCCCCCC(=O)OC,<rdkit.DataStructs.cDataStructs.ExplicitBitVect object at 0x000001C74A40F300>,214.34899999999996,4.080300000000003,26.3,0.0,2.0,
Di-n-propylsulfide,-2.307,1,118.245,0,0,4,0.0,-2.58,CCCSCCC,<rdkit.DataStructs.cDataStructs.ExplicitBitVect object at 0x000001C74A40F140>,118.24499999999999,2.539600000000001,0.0,0.0,1.0,
Napthacene,-5.568,2,228.294,0,4,0,0.0,-8.6,c1ccc2cc3cc4ccccc4cc3cc2c1,<rdkit.DataStructs.cDataStructs.ExplicitBitVect object at 0x000001C74A40EF80>,228.29399999999998,5.146200000000003,0.0,0.0,0.0,c1ccc2cc3cc4ccccc4cc3cc2c1
1-Bromopentane,-2.658,1,151.047,0,0,3,0.0,-3.08,CCCCCBr,<rdkit.DataStructs.cDataStructs.ExplicitBitVect object at 0x000001C74A40EDC0>,151.047,2.5715000000000012,0.0,0.0,0.0,
trans-2-Heptene ,-2.784,1,98.18899999999998,0,0,3,0.0,-3.82,CCCC/C=C/C,<rdkit.DataStructs.cDataStructs.ExplicitBitVect object at 0x000001C74A40EC00>,98.18899999999998,2.752700000000001,0.0,0.0,0.0,
Metranidazole,-0.8590000000000001,1,171.15599999999998,1,1,3,81.19,-1.26,Cc1ncc(N(=O)=O)n1CCO ,<rdkit.DataStructs.cDataStructs.ExplicitBitVect object at 0x000001C74A40EA40>,171.15599999999998,0.09201999999999994,81.19,1.0,4.0,c1c[nH]cn1
Pentylcyclopentane,-3.869,1,140.26999999999998,0,1,4,0.0,-6.08,CCCCCC1CCCC1,<rdkit.DataStructs.cDataStructs.ExplicitBitVect object at 0x000001C74A40E880>,140.26999999999998,3.7569000000000026,0.0,0.0,0.0,C1CCCC1
"2,2',3,5,5',6-PCB",-7.261,1,360.88200000000006,0,2,1,0.0,-7.42,Clc1ccc(Cl)c(c1)c2c(Cl)c(Cl)cc(Cl)c2Cl ,<rdkit.DataStructs.cDataStructs.ExplicitBitVect object at 0x000001C74A40E6C0>,360.88200000000006,7.274000000000001,0.0,0.0,0.0,c1ccc(-c2ccccc2)cc1
5-Ethyl-5-isopropylbarbituric acid,-1.6030000000000002,1,198.222,2,1,2,75.27000000000001,-2.148,O=C1NC(=O)NC(=O)C1(CC)C(C)C,<rdkit.DataStructs.cDataStructs.ExplicitBitVect object at 0x000001C74A40E500>,198.22199999999998,0.4047999999999994,75.27000000000001,2.0,3.0,O=C1CC(=O)NC(=O)N1
"1,1,1-Trichloroethane",-2.232,1,133.405,0,0,0,0.0,-2.0,CC(Cl)(Cl)Cl,<rdkit.DataStructs.cDataStructs.ExplicitBitVect object at 0x000001C74A40E340>,133.405,2.376500000000001,0.0,0.0,0.0,
Monolinuron,-2.948,1,214.652,1,1,2,41.57,-2.57,CON(C)C(=O)Nc1ccc(Cl)cc1,<rdkit.DataStructs.cDataStructs.ExplicitBitVect object at 0x000001C74A40E180>,214.652,2.365100000000001,41.57,1.0,2.0,c1ccccc1
Cyclohexyl-5-spirobarbituric acid,-1.405,1,196.206,2,2,0,75.27,-3.06,O=C2NC(=O)C1(CCCCC1)C(=O)N2,<rdkit.DataStructs.cDataStructs.ExplicitBitVect object at 0x000001C74A40DE00>,196.206,0.3029,75.27,2.0,3.0,O=C1NC(=O)C2(CCCCC2)C(=O)N1
dimetan,-2.3040000000000003,1,211.26099999999997,0,1,1,46.61,-0.85,CN(C)C(=O)OC1=CC(=O)CC(C)(C)C1 ,<rdkit.DataStructs.cDataStructs.ExplicitBitVect object at 0x000001C74A40DA10>,211.26099999999994,1.9576,46.61,0.0,3.0,O=C1C=CCCC1
4-Bromotoluene,-3.667,1,171.03700000000003,0,1,0,0.0,-3.19,Cc1ccc(Br)cc1,<rdkit.DataStructs.cDataStructs.ExplicitBitVect object at 0x000001C74A4A7610>,171.03700000000003,2.7575200000000013,0.0,0.0,0.0,c1ccccc1
Diethyl ether ,-0.718,1,74.123,0,0,2,9.23,-0.09,CCOCC,<rdkit.DataStructs.cDataStructs.ExplicitBitVect object at 0x000001C74A4A7F40>,74.123,1.0428000000000002,9.23,0.0,1.0,
Rovral,-4.004,1,330.17100000000005,1,2,2,69.72,-4.376,CC(C)NC(=O)N1CC(=O)N(C1=O)c2cc(Cl)cc(Cl)c2,<rdkit.DataStructs.cDataStructs.ExplicitBitVect object at 0x000001C74A4A6960>,330.17100000000005,2.880000000000001,69.72,1.0,3.0,O=C1CNC(=O)N1c1ccccc1
Benfluralin,-5.205,1,335.28200000000004,0,1,7,89.51999999999998,-5.53,CCCCN(CC)c1c(cc(cc1N(=O)=O)C(F)(F)F)N(=O)=O,<rdkit.DataStructs.cDataStructs.ExplicitBitVect object at 0x000001C74A4A7DF0>,335.28200000000004,4.148200000000004,89.51999999999998,0.0,5.0,c1ccccc1
"2,4,6-Trimethylphenol",-2.9410000000000003,1,136.194,1,1,0,20.23,-2.05,Cc1cc(C)c(O)c(C)c1,<rdkit.DataStructs.cDataStructs.ExplicitBitVect object at 0x000001C74A4A7C30>,136.194,2.3174600000000005,20.23,1.0,1.0,c1ccccc1
Benzene ,-2.418,2,78.11399999999999,0,1,0,0.0,-1.64,c1ccccc1,<rdkit.DataStructs.cDataStructs.ExplicitBitVect object at 0x000001C74A4A7A70>,78.11399999999999,1.6866,0.0,0.0,0.0,c1ccccc1
p-Chloroiodobenzene,-4.384,1,238.455,0,1,0,0.0,-4.03,Clc1ccc(I)cc1,<rdkit.DataStructs.cDataStructs.ExplicitBitVect object at 0x000001C74A4A78B0>,238.45499999999998,2.944600000000001,0.0,0.0,0.0,c1ccccc1
Metoxuron,-2.6830000000000003,1,228.679,1,1,2,41.57,-2.564,COc1ccc(NC(=O)N(C)C)cc1Cl,<rdkit.DataStructs.cDataStructs.ExplicitBitVect object at 0x000001C74A4A76F0>,228.67899999999997,2.4421,41.57,1.0,2.0,c1ccccc1
propachlor,-3.018,1,211.69200000000004,0,1,3,20.31,-2.48,CC(C)N(C(=O)CCl)c1ccccc1 ,<rdkit.DataStructs.cDataStructs.ExplicitBitVect object at 0x000001C74A4A7530>,211.69200000000004,2.666800000000001,20.310000000000002,0.0,1.0,c1ccccc1
Styrene,-2.85,1,104.15199999999996,0,1,1,0.0,-2.82,C=Cc1ccccc1,<rdkit.DataStructs.cDataStructs.ExplicitBitVect object at 0x000001C74A4A7370>,104.15199999999997,2.3296,0.0,0.0,0.0,c1ccccc1
Dimethoxymethane,0.092,1,76.095,0,0,2,18.46,0.48,COCOC,<rdkit.DataStructs.cDataStructs.ExplicitBitVect object at 0x000001C74A4A71B0>,76.095,0.23670000000000002,18.46,0.0,2.0,
o-Xylene ,-3.004,1,106.168,0,1,0,0.0,-2.8,Cc1ccccc1C,<rdkit.DataStructs.cDataStructs.ExplicitBitVect object at 0x000001C74A4A6FF0>,106.16799999999999,2.30344,0.0,0.0,0.0,c1ccccc1
Butan-2-ol,-0.616,1,74.12299999999999,1,0,1,20.23,0.47,CCC(C)O,<rdkit.DataStructs.cDataStructs.ExplicitBitVect object at 0x000001C74A4A6E30>,74.12299999999999,0.7771999999999999,20.23,1.0,1.0,
"1,4-Benzenediol",-1.59,1,110.11199999999998,2,1,0,40.46,-0.17,Oc1ccc(O)cc1,<rdkit.DataStructs.cDataStructs.ExplicitBitVect object at 0x000001C74A4A6C70>,110.11199999999998,1.0977999999999999,40.46,2.0,2.0,c1ccccc1
estriol,-3.858,1,288.387,3,4,0,60.69,-4.955,CC34CCC1C(CCc2cc(O)ccc12)C3CC(O)C4O ,<rdkit.DataStructs.cDataStructs.ExplicitBitVect object at 0x000001C74A4A6AB0>,288.387,2.5800000000000005,60.69,3.0,3.0,c1ccc2c(c1)CCC1C2CCC2CCCC21
Benzo(b)fluorene,-5.189,2,216.283,0,4,0,0.0,-8.04,C1c2ccccc2c3cc4ccccc4cc13,<rdkit.DataStructs.cDataStructs.ExplicitBitVect object at 0x000001C74A4A68F0>,216.283,4.411000000000002,0.0,0.0,0.0,c1ccc2c(c1)Cc1cc3ccccc3cc1-2
hydantoin,0.603,1,100.077,2,1,0,58.2,-0.4,O=C1CNC(=O)N1 ,<rdkit.DataStructs.cDataStructs.ExplicitBitVect object at 0x000001C74A4A6730>,100.077,-1.1742,58.2,2.0,2.0,O=C1CNC(=O)N1
4-hexylresorcinol,-3.4930000000000003,1,194.27399999999992,2,1,5,40.46,-2.59,c1(O)cc(O)ccc1CCCCCC,<rdkit.DataStructs.cDataStructs.ExplicitBitVect object at 0x000001C74A4A6570>,194.27399999999992,3.220600000000001,40.46,2.0,2.0,c1ccccc1
allicin,-2.045,1,162.27899999999997,0,0,5,17.07,-0.83,C=CCS(=O)SCC=C,<rdkit.DataStructs.cDataStructs.ExplicitBitVect object at 0x000001C74A4A63B0>,162.27899999999997,1.7553,17.07,0.0,2.0,
Coumaphos,-5.04,1,362.7710000000001,0,2,6,57.9,-5.382000000000001,CCOP(=S)(OCC)Oc2ccc1oc(=O)c(Cl)c(C)c1c2,<rdkit.DataStructs.cDataStructs.ExplicitBitVect object at 0x000001C74A4A61F0>,362.77100000000013,4.4311200000000035,57.9,0.0,6.0,O=c1ccc2ccccc2o1
"5,6-Dimethylchrysene",-6.265,1,256.348,0,4,0,0.0,-7.01,Cc1c(C)c2c3ccccc3ccc2c4ccccc14,<rdkit.DataStructs.cDataStructs.ExplicitBitVect object at 0x000001C74A4A6030>,256.348,5.763040000000004,0.0,0.0,0.0,c1ccc2c(c1)ccc1c3ccccc3ccc21
Betamethasone-17-valerate,-5.062,1,476.5850000000002,2,4,6,100.90000000000002,-4.71,CCCCC(=O)OC3(C(C)CC4C2CCC1=CC(=O)C=CC1(C)C2(F)C(O)CC34C)C(=O)CO,<rdkit.DataStructs.cDataStructs.ExplicitBitVect object at 0x000001C74A4A5E70>,476.5850000000002,3.636800000000003,100.90000000000002,2.0,6.0,O=C1C=CC2C(=C1)CCC1C3CCCC3CCC21
uric acid,-0.541,1,168.112,4,2,0,114.36999999999998,-3.93,O=c2[nH]c(=O)c1[nH]c(=O)[nH]c1[nH]2 ,<rdkit.DataStructs.cDataStructs.ExplicitBitVect object at 0x000001C74A4A5CB0>,168.112,-1.7672000000000003,114.36999999999998,4.0,3.0,O=c1[nH]c(=O)c2[nH]c(=O)[nH]c2[nH]1
"2,3,4,6-Tetrachlorophenol",-4.203,1,231.893,1,1,0,20.23,-3.1,Oc1c(Cl)cc(Cl)c(Cl)c1Cl,<rdkit.DataStructs.cDataStructs.ExplicitBitVect object at 0x000001C74A4A5AF0>,231.89299999999997,4.005799999999999,20.23,1.0,1.0,c1ccccc1
"1,3-Dichlorobenzene",-3.5580000000000003,1,147.004,0,1,0,0.0,-3.04,Clc1cccc(Cl)c1,<rdkit.DataStructs.cDataStructs.ExplicitBitVect object at 0x000001C74A4A5930>,147.004,2.993400000000001,0.0,0.0,0.0,c1ccccc1
DDT,-6.638,1,354.491,0,2,2,0.0,-7.15,Clc1ccc(cc1)C(c2ccc(Cl)cc2)C(Cl)(Cl)Cl,<rdkit.DataStructs.cDataStructs.ExplicitBitVect object at 0x000001C74A4A5770>,354.491,6.495500000000002,0.0,0.0,0.0,c1ccc(Cc2ccccc2)cc1
Isobutyl formate,-1.095,1,102.13299999999998,0,0,3,26.3,-1.01,CC(C)COC=O,<rdkit.DataStructs.cDataStructs.ExplicitBitVect object at 0x000001C74A4A55B0>,102.13299999999998,0.8154,26.3,0.0,2.0,
thioanisole,-2.87,1,124.208,0,1,1,0.0,-2.39,c1ccccc1SC,<rdkit.DataStructs.cDataStructs.ExplicitBitVect object at 0x000001C74A4A53F0>,124.208,2.408500000000001,0.0,0.0,1.0,c1ccccc1
RTI 13,-4.45,1,322.29,1,3,1,58.120000000000005,-4.207,CCN2c1nc(C)cc(C(F)(F)F)c1NC(=O)c3cccnc23 ,<rdkit.DataStructs.cDataStructs.ExplicitBitVect object at 0x000001C74A4A5230>,322.29,3.5275200000000018,58.120000000000005,1.0,4.0,O=C1Nc2cccnc2Nc2ncccc21
Hexane ,-2.615,1,86.178,0,0,3,0.0,-3.84,CCCCCC,<rdkit.DataStructs.cDataStructs.ExplicitBitVect object at 0x000001C74A4A5070>,86.178,2.5866000000000007,0.0,0.0,0.0,
methyl nicotinate,-1.621,1,137.138,0,1,1,39.19,-0.46,COC(=O)c1cccnc1 ,<rdkit.DataStructs.cDataStructs.ExplicitBitVect object at 0x000001C74A4A4EB0>,137.138,0.8681999999999999,39.19,0.0,3.0,c1ccncc1
Bendroflumethiazide,-3.741,1,421.4220000000001,3,3,3,118.36,-3.59,NS(=O)(=O)c3cc2c(NC(Cc1ccccc1)NS2(=O)=O)cc3C(F)(F)F,<rdkit.DataStructs.cDataStructs.ExplicitBitVect object at 0x000001C74A4A4CF0>,421.4220000000001,1.6254,118.35999999999999,3.0,5.0,O=S1(=O)NC(Cc2ccccc2)Nc2ccccc21
"2,3,3',4,4',5-PCB",-7.425,1,360.88200000000006,0,2,1,0.0,-7.82,Clc1ccc(cc1Cl)c2cc(Cl)c(Cl)c(Cl)c2Cl ,<rdkit.DataStructs.cDataStructs.ExplicitBitVect object at 0x000001C74A4A4B30>,360.88200000000006,7.274,0.0,0.0,0.0,c1ccc(-c2ccccc2)cc1
Vinclozolin,-4.377,1,286.11400000000003,0,2,2,46.61,-4.925,CC1(OC(=O)N(C1=O)c2cc(Cl)cc(Cl)c2)C=C,<rdkit.DataStructs.cDataStructs.ExplicitBitVect object at 0x000001C74A4A4970>,286.11400000000003,3.4213000000000022,46.61,0.0,3.0,O=C1COC(=O)N1c1ccccc1
Cyanazine,-2.49,1,240.698,2,1,4,86.52,-3.15,CCNc1nc(Cl)nc(NC(C)(C)C#N)n1,<rdkit.DataStructs.cDataStructs.ExplicitBitVect object at 0x000001C74A4A47B0>,240.698,1.6708799999999997,86.52,2.0,6.0,c1ncncn1
Triphenylene,-5.568,2,228.294,0,4,0,0.0,-6.726,c1ccc2c(c1)c3ccccc3c4ccccc24,<rdkit.DataStructs.cDataStructs.ExplicitBitVect object at 0x000001C74A4A45F0>,228.29399999999998,5.146200000000003,0.0,0.0,0.0,c1ccc2c(c1)c1ccccc1c1ccccc21
Dienestrol,-4.775,1,266.34,2,2,3,40.46,-4.95,CC=C(C(=CC)c1ccc(O)cc1)c2ccc(O)cc2,<rdkit.DataStructs.cDataStructs.ExplicitBitVect object at 0x000001C74A4A4430>,266.34,4.604600000000004,40.46,2.0,2.0,C=C(C(=C)c1ccccc1)c1ccccc1
Di(2-ethylhexyl)-phthalate,-7.117000000000001,1,390.5640000000003,0,1,14,52.60000000000001,-6.96,CCCCC(CC)COC(=O)c1ccccc1C(=O)OCC(CC)CCCC,<rdkit.DataStructs.cDataStructs.ExplicitBitVect object at 0x000001C74A4A4270>,390.5640000000003,6.433000000000007,52.60000000000001,0.0,4.0,c1ccccc1
2-Ethyl pyridine,-2.051,1,107.15599999999998,0,1,1,12.89,0.51,CCc1ccccn1,<rdkit.DataStructs.cDataStructs.ExplicitBitVect object at 0x000001C74A4A40B0>,107.15599999999998,1.644,12.89,0.0,1.0,c1ccncc1
Naled,-3.548,1,380.784,0,0,5,44.760000000000005,-2.28,COP(=O)(OC)OC(Br)C(Cl)(Cl)Br,<rdkit.DataStructs.cDataStructs.ExplicitBitVect object at 0x000001C74A49C0B0>,380.784,3.651200000000001,44.760000000000005,0.0,4.0,
Biphenyl,-4.079,2,154.21199999999996,0,2,1,0.0,-4.345,c1ccc(cc1)c2ccccc2,<rdkit.DataStructs.cDataStructs.ExplicitBitVect object at 0x000001C74A49C270>,154.21199999999996,3.353600000000002,0.0,0.0,0.0,c1ccc(-c2ccccc2)cc1
"2,2',4,4',6,6'-PCB",-7.178999999999999,1,360.88200000000006,0,2,1,0.0,-8.71,Clc1cc(Cl)c(c(Cl)c1)c2c(Cl)cc(Cl)cc2Cl ,<rdkit.DataStructs.cDataStructs.ExplicitBitVect object at 0x000001C74A49C430>,360.88200000000006,7.274000000000001,0.0,0.0,0.0,c1ccc(-c2ccccc2)cc1
Altretamine,-2.492,1,210.285,0,1,3,48.39000000000001,-3.364,CN(C)c1nc(nc(n1)N(C)C)N(C)C,<rdkit.DataStructs.cDataStructs.ExplicitBitVect object at 0x000001C74A49C5F0>,210.285,0.0696000000000001,48.39000000000001,0.0,6.0,c1ncncn1
"2,4-Dimethyl-2-pentanol ",-1.6469999999999998,1,116.20399999999998,1,0,2,20.23,-0.92,CC(C)CC(C)(C)O,<rdkit.DataStructs.cDataStructs.ExplicitBitVect object at 0x000001C74A49C7B0>,116.20399999999998,1.8034,20.23,1.0,1.0,
Cycloheptyl-5-spirobarbituric acid,-1.844,1,210.233,2,2,0,75.27,-3.168,O=C2NC(=O)C1(CCCCCC1)C(=O)N2 ,<rdkit.DataStructs.cDataStructs.ExplicitBitVect object at 0x000001C74A49C970>,210.23299999999998,0.6929999999999998,75.27,2.0,3.0,O=C1NC(=O)C2(CCCCCC2)C(=O)N1
Fructose,0.471,1,180.156,5,1,2,110.38,0.64,OCC1OC(O)(CO)C(O)C1O,<rdkit.DataStructs.cDataStructs.ExplicitBitVect object at 0x000001C74A49CB30>,180.156,-3.2197999999999998,110.38000000000001,5.0,6.0,C1CCOC1
"3,5-Dimethylphenol",-2.652,1,122.16699999999996,1,1,0,20.23,-1.4,Cc1cc(C)cc(O)c1,<rdkit.DataStructs.cDataStructs.ExplicitBitVect object at 0x000001C74A49CCF0>,122.16699999999997,2.0090399999999997,20.23,1.0,1.0,c1ccccc1
Barban,-4.16,1,258.104,1,1,2,38.33,-4.37,ClCC#CCOC(=O)Nc1cccc(Cl)c1,<rdkit.DataStructs.cDataStructs.ExplicitBitVect object at 0x000001C74A49CEB0>,258.104,3.130700000000001,38.33,1.0,2.0,c1ccccc1
p-Chloroacetanilide,-2.642,1,169.611,1,1,1,29.1,-2.843,CC(=O)Nc1ccc(Cl)cc1,<rdkit.DataStructs.cDataStructs.ExplicitBitVect object at 0x000001C74A49D070>,169.611,2.2984,29.1,1.0,1.0,c1ccccc1
"2,2',3,4,5,5',6-PCB",-7.898,1,395.3270000000001,0,2,1,0.0,-8.94,Clc1ccc(Cl)c(c1)c2c(Cl)c(Cl)c(Cl)c(Cl)c2Cl,<rdkit.DataStructs.cDataStructs.ExplicitBitVect object at 0x000001C74A49D230>,395.3270000000001,7.9274000000000004,0.0,0.0,0.0,c1ccc(-c2ccccc2)cc1
"2,2-Dimethylbutane",-2.584,1,86.17799999999998,0,0,0,0.0,-3.55,CCC(C)(C)C,<rdkit.DataStructs.cDataStructs.ExplicitBitVect object at 0x000001C74A49D3F0>,86.17799999999998,2.442500000000001,0.0,0.0,0.0,
N-Methylaniline ,-2.097,1,107.15599999999998,1,1,1,12.03,-1.28,CNc1ccccc1,<rdkit.DataStructs.cDataStructs.ExplicitBitVect object at 0x000001C74A49D5B0>,107.15599999999998,1.7283,12.03,1.0,1.0,c1ccccc1
"1,4-Pentadiene ",-1.758,1,68.119,0,0,2,0.0,-2.09,C=CCC=C,<rdkit.DataStructs.cDataStructs.ExplicitBitVect object at 0x000001C74A49D770>,68.119,1.7485,0.0,0.0,0.0,
Hydrocortisone 21-acetate,-3.692,1,404.5030000000002,2,4,3,100.90000000000002,-4.88,CC(=O)OCC(=O)C1(O)CCC2C3CCC4=CC(=O)CCC4(C)C3C(O)CC21C,<rdkit.DataStructs.cDataStructs.ExplicitBitVect object at 0x000001C74A49D930>,404.5030000000002,2.3524000000000003,100.90000000000002,2.0,6.0,O=C1C=C2CCC3C4CCCC4CCC3C2CC1
DNOC,-2.818,1,198.134,1,1,2,106.51000000000002,-1.456,Cc1cc(cc(N(=O)=O)c1O)N(=O)=O,<rdkit.DataStructs.cDataStructs.ExplicitBitVect object at 0x000001C74A49DAF0>,198.134,1.5170200000000003,106.51000000000002,1.0,5.0,c1ccccc1
Lorazepam,-3.75,1,321.163,2,3,1,61.690000000000005,-3.604,OC3N=C(c1ccccc1Cl)c2cc(Cl)ccc2NC3=O,<rdkit.DataStructs.cDataStructs.ExplicitBitVect object at 0x000001C74A49DCB0>,321.163,3.101300000000001,61.690000000000005,2.0,3.0,O=C1CN=C(c2ccccc2)c2ccccc2N1
3-Chlorophenol,-2.761,1,128.558,1,1,0,20.23,-0.7,Oc1cccc(Cl)c1,<rdkit.DataStructs.cDataStructs.ExplicitBitVect object at 0x000001C74A49DE70>,128.558,2.0456,20.23,1.0,1.0,c1ccccc1
m-Chlorobromobenzene,-3.928,1,191.455,0,1,0,0.0,-3.21,Clc1cccc(Br)c1,<rdkit.DataStructs.cDataStructs.ExplicitBitVect object at 0x000001C74A49E030>,191.45499999999998,3.102500000000001,0.0,0.0,0.0,c1ccccc1
chlorothiazide,-1.7519999999999998,1,295.72900000000004,2,2,1,118.69,-3.05,NS(=O)(=O)c2cc1c(N=CNS1(=O)=O)cc2Cl ,<rdkit.DataStructs.cDataStructs.ExplicitBitVect object at 0x000001C74A49E1F0>,295.72900000000004,-0.06089999999999923,118.69,2.0,5.0,O=S1(=O)NC=Nc2ccccc21
5-Methyl-5-ethylbarbituric acid,-0.911,1,170.16799999999998,2,1,1,75.27000000000001,-1.228,O=C1NC(=O)NC(=O)C1(C)CC,<rdkit.DataStructs.cDataStructs.ExplicitBitVect object at 0x000001C74A49E3B0>,170.16799999999998,-0.2313000000000005,75.27000000000001,2.0,3.0,O=C1CC(=O)NC(=O)N1
2-Phenoxyethanol,-1.761,1,138.16599999999997,1,1,3,29.46,-0.7,OCCOc1ccccc1,<rdkit.DataStructs.cDataStructs.ExplicitBitVect object at 0x000001C74A49E570>,138.16599999999997,1.0576999999999999,29.46,1.0,2.0,c1ccccc1
Diphenylmethane,-4.09,2,168.239,0,2,2,0.0,-4.08,C(c1ccccc1)c2ccccc2,<rdkit.DataStructs.cDataStructs.ExplicitBitVect object at 0x000001C74A49E730>,168.239,3.277400000000002,0.0,0.0,0.0,c1ccc(Cc2ccccc2)cc1
3-Octanol,-2.033,1,130.23099999999997,1,0,5,20.23,-1.98,CCCCCC(O)CC,<rdkit.DataStructs.cDataStructs.ExplicitBitVect object at 0x000001C74A49E8F0>,130.23099999999997,2.3376,20.23,1.0,1.0,
Flumetralin,-6.584,1,421.7340000000001,0,2,6,89.51999999999998,-6.78,CCN(Cc1c(F)cccc1Cl)c2c(cc(cc2N(=O)=O)C(F)(F)F)N(=O)=O,<rdkit.DataStructs.cDataStructs.ExplicitBitVect object at 0x000001C74A49EAB0>,421.7340000000001,5.340800000000003,89.51999999999998,0.0,5.0,c1ccc(CNc2ccccc2)cc1
Propazine,-3.329,1,229.71500000000003,2,1,4,62.73,-4.43,CC(C)Nc1nc(Cl)nc(NC(C)C)n1,<rdkit.DataStructs.cDataStructs.ExplicitBitVect object at 0x000001C74A49EC70>,229.71500000000003,2.1655999999999995,62.730000000000004,2.0,5.0,c1ncncn1
2-Methylpentanol,-1.381,1,102.177,1,0,3,20.23,-1.11,CCCC(C)CO,<rdkit.DataStructs.cDataStructs.ExplicitBitVect object at 0x000001C74A49EE30>,102.17699999999999,1.4149,20.23,1.0,1.0,
2-Methyl-2-hexanol,-1.663,1,116.20399999999998,1,0,3,20.23,-1.08,CCCCC(C)(C)O,<rdkit.DataStructs.cDataStructs.ExplicitBitVect object at 0x000001C74A49EFF0>,116.20399999999998,1.9475000000000002,20.23,1.0,1.0,
Ethylbenzene,-2.988,1,106.16799999999996,0,1,1,0.0,-2.77,CCc1ccccc1,<rdkit.DataStructs.cDataStructs.ExplicitBitVect object at 0x000001C74A49F1B0>,106.16799999999996,2.2490000000000006,0.0,0.0,0.0,c1ccccc1
5-(3-Methyl-2-butenyl)-5-ethylbarbital,-2.126,1,224.26,2,1,3,75.27000000000001,-2.253,O=C1NC(=O)NC(=O)C1(CC)CC=C(C)C,<rdkit.DataStructs.cDataStructs.ExplicitBitVect object at 0x000001C74A49F370>,224.25999999999996,1.1050999999999993,75.27000000000001,2.0,3.0,O=C1CC(=O)NC(=O)N1
Heptachlor,-5.26,1,373.3209999999999,0,3,0,0.0,-6.317,ClC1C=CC2C1C3(Cl)C(=C(Cl)C2(Cl)C3(Cl)Cl)Cl,<rdkit.DataStructs.cDataStructs.ExplicitBitVect object at 0x000001C74A49F530>,373.3209999999999,5.2415,0.0,0.0,0.0,C1=CC2C3C=CC(C3)C2C1
butallylonal,-2.766,1,303.156,2,1,4,75.27000000000001,-2.647,CCC(C)C1(CC(Br)=C)C(=O)NC(=O)NC1=O ,<rdkit.DataStructs.cDataStructs.ExplicitBitVect object at 0x000001C74A49F6F0>,303.156,1.6836,75.27000000000001,2.0,3.0,O=C1CC(=O)NC(=O)N1
Fenpropathrin,-6.15,1,349.43000000000006,0,3,5,59.32000000000001,-6.025,CC1(C)C(C(=O)OC(C#N)c2cccc(Oc3ccccc3)c2)C1(C)C,<rdkit.DataStructs.cDataStructs.ExplicitBitVect object at 0x000001C74A49F8B0>,349.43000000000006,5.268980000000004,59.32000000000001,0.0,4.0,O=C(OCc1cccc(Oc2ccccc2)c1)C1CC1
Methoprene,-4.795,1,310.47800000000007,0,0,10,35.53,-5.19,COC(C)(C)CCCC(C)CC=CC(C)=CC(=O)OC(C)C,<rdkit.DataStructs.cDataStructs.ExplicitBitVect object at 0x000001C74A49D000>,310.47800000000007,5.062000000000006,35.53,0.0,3.0,
Ethyl propionate,-1.1909999999999998,1,102.133,0,0,2,26.3,-0.66,CCOC(=O)CC,<rdkit.DataStructs.cDataStructs.ExplicitBitVect object at 0x000001C74A49EA40>,102.133,0.9595,26.3,0.0,2.0,
Prometryn,-3.693,1,241.364,2,1,5,62.73,-4.1,CSc1nc(NC(C)C)nc(NC(C)C)n1,<rdkit.DataStructs.cDataStructs.ExplicitBitVect object at 0x000001C74A49CE40>,241.364,2.2340999999999998,62.730000000000004,2.0,6.0,c1ncncn1
Buturon,-3.199,1,236.702,1,1,2,32.34,-3.9,CC(C#C)N(C)C(=O)Nc1ccc(Cl)cc1,<rdkit.DataStructs.cDataStructs.ExplicitBitVect object at 0x000001C74A49CF20>,236.702,2.825400000000001,32.34,1.0,1.0,c1ccccc1
"2,3-Dimethylnaphthalene",-4.1160000000000005,1,156.22799999999998,0,2,0,0.0,-4.72,Cc1cc2ccccc2cc1C,<rdkit.DataStructs.cDataStructs.ExplicitBitVect object at 0x000001C74A49FED0>,156.22799999999998,3.456640000000002,0.0,0.0,0.0,c1ccc2ccccc2c1
"2,4',5-PCB",-5.7620000000000005,1,257.547,0,2,1,0.0,-6.25,Clc1ccc(cc1)c2cc(Cl)ccc2Cl ,<rdkit.DataStructs.cDataStructs.ExplicitBitVect object at 0x000001C74A49FD10>,257.547,5.313800000000001,0.0,0.0,0.0,c1ccc(-c2ccccc2)cc1
"2,3',4,4',5-PCB",-7.343,1,360.88200000000006,0,2,1,0.0,-7.39,Clc1ccc(c(Cl)c1)c2cc(Cl)c(Cl)c(Cl)c2Cl ,<rdkit.DataStructs.cDataStructs.ExplicitBitVect object at 0x000001C74A49FB50>,360.88200000000006,7.274000000000001,0.0,0.0,0.0,c1ccc(-c2ccccc2)cc1
2-cyanoguanidine,0.361,1,84.082,2,0,0,88.19,-0.31,NC(N)=NC#N ,<rdkit.DataStructs.cDataStructs.ExplicitBitVect object at 0x000001C74A49F990>,84.082,-1.2591199999999998,88.19,2.0,2.0,
Chloropicrin,-1.866,1,164.375,0,0,0,43.14,-2.0,ClC(Cl)(Cl)N(=O)=O,<rdkit.DataStructs.cDataStructs.ExplicitBitVect object at 0x000001C74A49F7D0>,164.375,1.5908000000000002,43.14,0.0,2.0,
"2,6-PCB",-4.984,1,223.102,0,2,1,0.0,-5.21,Clc1cccc(Cl)c1c2ccccc2 ,<rdkit.DataStructs.cDataStructs.ExplicitBitVect object at 0x000001C74A49F610>,223.102,4.660400000000003,0.0,0.0,0.0,c1ccc(-c2ccccc2)cc1
p-Methoxybenzaldehyde,-2.252,1,136.14999999999998,0,1,2,26.3,-1.49,COc1ccc(C=O)cc1,<rdkit.DataStructs.cDataStructs.ExplicitBitVect object at 0x000001C74A49F450>,136.14999999999998,1.5076999999999998,26.3,0.0,2.0,c1ccccc1
4-Nitroacetanilide,-2.219,1,180.163,1,1,2,72.24000000000001,-2.692,CC(=O)Nc1ccc(cc1)N(=O)=O,<rdkit.DataStructs.cDataStructs.ExplicitBitVect object at 0x000001C74A49F290>,180.16299999999998,1.5531999999999997,72.24000000000001,1.0,3.0,c1ccccc1
Ethyl heptanoate,-2.608,1,158.241,0,0,6,26.3,-2.74,CCCCCCC(=O)OCC,<rdkit.DataStructs.cDataStructs.ExplicitBitVect object at 0x000001C74A49F0D0>,158.24099999999999,2.5199000000000007,26.3,0.0,2.0,
p-Hydroxyacetanilide,-1.495,1,151.165,2,1,1,49.33,-1.03,CC(=O)Nc1ccc(O)cc1,<rdkit.DataStructs.cDataStructs.ExplicitBitVect object at 0x000001C74A49EF10>,151.165,1.3505999999999998,49.33,2.0,2.0,c1ccccc1
indazole,-2.34,2,118.13899999999998,1,2,0,28.68,-2.16,c2ccc1[nH]ncc1c2 ,<rdkit.DataStructs.cDataStructs.ExplicitBitVect object at 0x000001C74A49ED50>,118.13899999999998,1.5629,28.68,1.0,1.0,c1ccc2[nH]ncc2c1
triamcinolone acetonide,-3.928,1,434.50400000000025,2,5,2,93.06000000000002,-4.31,CC5(C)OC4CC3C2CCC1=CC(=O)C=CC1(C)C2(F)C(O)CC3(C)C4(O5)C(=O)CO ,<rdkit.DataStructs.cDataStructs.ExplicitBitVect object at 0x000001C74A49EB90>,434.50400000000025,2.4188000000000005,93.06000000000002,2.0,6.0,O=C1C=CC2C(=C1)CCC1C2CCC2C1CC1OCOC12
guanine,-0.67,1,151.129,3,2,0,100.45,-3.583,Nc2nc1[nH]cnc1c(=O)[nH]2 ,<rdkit.DataStructs.cDataStructs.ExplicitBitVect object at 0x000001C74A49E9D0>,151.129,-0.7716000000000003,100.44999999999999,3.0,4.0,O=c1[nH]cnc2[nH]cnc12
Methyl acetate,-0.416,1,74.07900000000001,0,0,0,26.3,0.46,COC(=O)C,<rdkit.DataStructs.cDataStructs.ExplicitBitVect object at 0x000001C74A49E810>,74.07900000000001,0.1792999999999999,26.3,0.0,2.0,
Stanolone,-3.882,1,290.44699999999995,1,4,0,37.3,-4.743,CC34CCC1C(CCC2CC(=O)CCC12C)C3CCC4O ,<rdkit.DataStructs.cDataStructs.ExplicitBitVect object at 0x000001C74A49E650>,290.44699999999995,3.9591000000000034,37.3,1.0,2.0,O=C1CCC2C(CCC3C4CCCC4CCC23)C1
1-Hexene-3-ol,-1.199,1,100.161,1,0,3,20.23,-0.59,CCCC(O)C=C,<rdkit.DataStructs.cDataStructs.ExplicitBitVect object at 0x000001C74A49E490>,100.16099999999999,1.3334,20.23,1.0,1.0,
norbormide,-4.238,1,511.5810000000002,2,7,5,92.18,-3.931,OC(C1=CC2C5C(C1C2=C(c3ccccc3)c4ccccn4)C(=O)NC5=O)(c6ccccc6)c7ccccn7 ,<rdkit.DataStructs.cDataStructs.ExplicitBitVect object at 0x000001C74A49E2D0>,511.5810000000002,4.289400000000002,92.18,2.0,5.0,O=C1NC(=O)C2C3C(C(c4ccccc4)c4ccccn4)=CC(C3=C(c3ccccc3)c3ccccn3)C12
Dibutyl ether ,-2.135,1,130.231,0,0,6,9.23,-1.85,CCCCOCCCC,<rdkit.DataStructs.cDataStructs.ExplicitBitVect object at 0x000001C74A49E110>,130.231,2.603200000000001,9.23,0.0,1.0,
1-Dodecanol,-3.523,1,186.339,1,0,10,20.23,-4.8,CCCCCCCCCCCCO,<rdkit.DataStructs.cDataStructs.ExplicitBitVect object at 0x000001C74A49DF50>,186.33899999999997,3.8996000000000035,20.23,1.0,1.0,
RTI 6,-3.335,1,313.36100000000005,2,3,4,81.59000000000002,-3.36,CCN2c1nc(N(C)(CCO))ccc1NC(=O)c3cccnc23 ,<rdkit.DataStructs.cDataStructs.ExplicitBitVect object at 0x000001C74A49DD90>,313.36100000000005,1.6287999999999996,81.59000000000002,2.0,6.0,O=C1Nc2cccnc2Nc2ncccc21
2-Methyl-2-pentanol,-1.308,1,102.17699999999998,1,0,2,20.23,-0.49,CCCC(C)(C)O,<rdkit.DataStructs.cDataStructs.ExplicitBitVect object at 0x000001C74A49DBD0>,102.17699999999998,1.5574,20.23,1.0,1.0,
Flucytosine,-0.132,1,129.09399999999997,2,1,0,71.77,-0.972,Nc1nc(=O)[nH]cc1F,<rdkit.DataStructs.cDataStructs.ExplicitBitVect object at 0x000001C74A49DA10>,129.09399999999997,-0.5088000000000001,71.77,2.0,3.0,O=c1nccc[nH]1
stadacaine,-5.127999999999999,1,293.40700000000004,0,1,9,38.77,-3.84,CCCCOc1ccc(C(=O)OCC)c(c1)N(CC)CC ,<rdkit.DataStructs.cDataStructs.ExplicitBitVect object at 0x000001C74A49D850>,293.40700000000004,3.8884000000000034,38.77,0.0,4.0,c1ccccc1
2-Methyl-2-heptanol,-2.017,1,130.231,1,0,4,20.23,-1.72,CCCCCC(C)(C)O,<rdkit.DataStructs.cDataStructs.ExplicitBitVect object at 0x000001C74A49D690>,130.231,2.3376000000000006,20.23,1.0,1.0,
Hexamethylbenzene,-4.361000000000001,1,162.27599999999998,0,1,0,0.0,-5.23,Cc1c(C)c(C)c(C)c(C)c1C,<rdkit.DataStructs.cDataStructs.ExplicitBitVect object at 0x000001C74A49D4D0>,162.27599999999998,3.5371200000000025,0.0,0.0,0.0,c1ccccc1
Thymol,-3.129,1,150.22099999999998,1,1,1,20.23,-2.22,CC(C)c1ccc(C)cc1O,<rdkit.DataStructs.cDataStructs.ExplicitBitVect object at 0x000001C74A49D310>,150.22099999999998,2.824020000000002,20.23,1.0,1.0,c1ccccc1
Pteridine,-0.906,2,132.12599999999998,0,2,0,51.56,0.02,c2cnc1ncncc1n2,<rdkit.DataStructs.cDataStructs.ExplicitBitVect object at 0x000001C74A49D150>,132.12599999999998,0.41979999999999984,51.56,0.0,4.0,c1cnc2ncncc2n1
Parathion,-3.949,1,291.26500000000004,0,1,7,70.83000000000001,-4.66,CCOP(=S)(OCC)Oc1ccc(cc1)N(=O)=O,<rdkit.DataStructs.cDataStructs.ExplicitBitVect object at 0x000001C74A49CF90>,291.26500000000004,3.2711000000000023,70.83000000000001,0.0,6.0,c1ccccc1
Methane,-0.636,0,16.043,0,0,0,0.0,-0.9,C,<rdkit.DataStructs.cDataStructs.ExplicitBitVect object at 0x000001C74A49CDD0>,16.043,0.6361,0.0,0.0,0.0,
indoline,-2.195,2,119.167,1,2,0,12.03,-1.04,c2ccc1NCCc1c2 ,<rdkit.DataStructs.cDataStructs.ExplicitBitVect object at 0x000001C74A49CC10>,119.16699999999999,1.6545999999999998,12.03,1.0,1.0,c1ccc2c(c1)CCN2
1-Nitronapthalene,-3.414,1,173.171,0,2,1,43.14,-3.54,O=N(=O)c1cccc2ccccc12,<rdkit.DataStructs.cDataStructs.ExplicitBitVect object at 0x000001C74A49CA50>,173.171,2.748000000000001,43.14,0.0,2.0,c1ccc2ccccc2c1
3-Methyl-2-pentanone,-1.266,1,100.161,0,0,2,17.07,-0.67,CCC(C)C(=O)C,<rdkit.DataStructs.cDataStructs.ExplicitBitVect object at 0x000001C74A49C890>,100.16099999999999,1.6215,17.07,0.0,1.0,
isoguanine,-1.74,1,151.129,3,2,0,100.71,-3.401,Nc1nc(O)nc2nc[nH]c12 ,<rdkit.DataStructs.cDataStructs.ExplicitBitVect object at 0x000001C74A49C6D0>,151.129,-0.3593,100.71000000000001,3.0,5.0,c1ncc2[nH]cnc2n1
bromadiolone,-7.877000000000001,1,527.4140000000002,2,5,6,70.67,-4.445,OC(CC(c1ccccc1)c3c(O)c2ccccc2oc3=O)c4ccc(cc4)c5ccc(Br)cc5 ,<rdkit.DataStructs.cDataStructs.ExplicitBitVect object at 0x000001C74A49C510>,527.4140000000002,7.183700000000006,70.67,2.0,4.0,O=c1oc2ccccc2cc1C(CCc1ccc(-c2ccccc2)cc1)c1ccccc1
Nitromethane,-0.042,1,61.040000000000006,0,0,0,43.14,0.26,CN(=O)=O,<rdkit.DataStructs.cDataStructs.ExplicitBitVect object at 0x000001C74A49C350>,61.040000000000006,-0.10710000000000008,43.14,0.0,2.0,
Triallate,-4.578,1,304.67,0,0,4,20.31,-4.88,CC(C)N(C(C)C)C(=O)SCC(Cl)=C(Cl)Cl,<rdkit.DataStructs.cDataStructs.ExplicitBitVect object at 0x000001C74A49C190>,304.66999999999996,4.843900000000003,20.310000000000002,0.0,2.0,
"1,5-Hexadiene ",-2.112,1,82.14599999999999,0,0,3,0.0,-2.68,C=CCCC=C,<rdkit.DataStructs.cDataStructs.ExplicitBitVect object at 0x000001C74A49FA70>,82.14599999999999,2.1386000000000003,0.0,0.0,0.0,
Indole,-2.654,2,117.15099999999995,1,2,0,15.79,-1.52,c2ccc1[nH]ccc1c2,<rdkit.DataStructs.cDataStructs.ExplicitBitVect object at 0x000001C74A49FC30>,117.15099999999997,2.1678999999999995,15.79,1.0,0.0,c1ccc2[nH]ccc2c1
Androstenedione,-3.393,1,286.415,0,4,0,34.14,-3.69,CC34CCC1C(CCC2=CC(=O)CCC12C)C3CCC4=O,<rdkit.DataStructs.cDataStructs.ExplicitBitVect object at 0x000001C74A49FDF0>,286.415,4.087400000000003,34.14,0.0,2.0,O=C1C=C2CCC3C4CCC(=O)C4CCC3C2CC1
1-Hexene,-2.364,1,84.16199999999999,0,0,3,0.0,-3.23,CCCCC=C,<rdkit.DataStructs.cDataStructs.ExplicitBitVect object at 0x000001C74A4A0660>,84.16199999999999,2.3626000000000005,0.0,0.0,0.0,
Xipamide,-3.642,1,354.8150000000001,3,2,3,109.48999999999998,-3.79,Cc1cccc(C)c1NC(=O)c2cc(c(Cl)cc2O)S(N)(=O)=O,<rdkit.DataStructs.cDataStructs.ExplicitBitVect object at 0x000001C74A4A04A0>,354.8150000000001,2.5621400000000008,109.48999999999998,3.0,4.0,O=C(Nc1ccccc1)c1ccccc1
Ethylcyclohexane,-3.245,1,112.216,0,1,1,0.0,-4.25,CCC1CCCCC1,<rdkit.DataStructs.cDataStructs.ExplicitBitVect object at 0x000001C74A4A3E60>,112.21600000000001,2.976700000000002,0.0,0.0,0.0,C1CCCCC1
2-Nonanone,-2.263,1,142.242,0,0,6,17.07,-2.58,CCCCCCCC(=O)C,<rdkit.DataStructs.cDataStructs.ExplicitBitVect object at 0x000001C74A4A3CA0>,142.242,2.935900000000001,17.07,0.0,1.0,
Mebendazole,-4.118,1,295.298,2,3,3,84.07999999999998,-3.88,COC(=O)Nc2nc1ccc(cc1[nH]2)C(=O)c3ccccc3,<rdkit.DataStructs.cDataStructs.ExplicitBitVect object at 0x000001C74A4A3AE0>,295.298,2.972200000000001,84.07999999999998,2.0,4.0,O=C(c1ccccc1)c1ccc2nc[nH]c2c1
Chloropham,-3.544,1,213.664,1,1,2,38.33,-3.38,CC(C)OC(=O)Nc1cccc(Cl)c1,<rdkit.DataStructs.cDataStructs.ExplicitBitVect object at 0x000001C74A4A3920>,213.66400000000002,3.2969000000000017,38.33,1.0,2.0,c1ccccc1
RTI 12,-3.446,1,288.73800000000006,0,3,1,49.330000000000005,-4.114,CCN2c1nc(Cl)ccc1N(C)C(=O)c3cccnc23 ,<rdkit.DataStructs.cDataStructs.ExplicitBitVect object at 0x000001C74A4A3760>,288.73800000000006,2.878000000000001,49.330000000000005,0.0,4.0,O=C1Nc2cccnc2Nc2ncccc21
Carbaryl,-3.087,1,201.225,1,2,1,38.33,-3.224,CNC(=O)Oc1cccc2ccccc12,<rdkit.DataStructs.cDataStructs.ExplicitBitVect object at 0x000001C74A4A35A0>,201.225,2.5580000000000007,38.33,1.0,2.0,c1ccc2ccccc2c1
Ethyne,-0.252,1,26.038,0,0,0,0.0,0.29,C#C,<rdkit.DataStructs.cDataStructs.ExplicitBitVect object at 0x000001C74A4A33E0>,26.037999999999997,0.24939999999999998,0.0,0.0,0.0,
"3,5-Dimethylpyridine",-2.0980000000000003,1,107.15599999999998,0,1,0,12.89,0.38,Cc1cncc(C)c1,<rdkit.DataStructs.cDataStructs.ExplicitBitVect object at 0x000001C74A4A3220>,107.15599999999998,1.69844,12.89,0.0,1.0,c1ccncc1
"1,4-Cyclohexadiene",-1.842,2,80.12999999999998,0,1,0,0.0,-2.06,C1C=CCC=C1,<rdkit.DataStructs.cDataStructs.ExplicitBitVect object at 0x000001C74A4A3060>,80.12999999999998,1.8926,0.0,0.0,0.0,C1=CCC=CC1
Mecarbam,-3.738,1,329.3800000000001,0,0,8,65.07000000000001,-2.518,CCOC(=O)N(C)C(=O)CSP(=S)(OCC)OCC,<rdkit.DataStructs.cDataStructs.ExplicitBitVect object at 0x000001C74A4A2EA0>,329.3800000000001,2.6320000000000006,65.07000000000001,0.0,7.0,
1-Phenylethanol,-1.919,1,122.16699999999996,1,1,1,20.23,-0.92,CC(O)c1ccccc1,<rdkit.DataStructs.cDataStructs.ExplicitBitVect object at 0x000001C74A4A2CE0>,122.16699999999996,1.7399,20.23,1.0,1.0,c1ccccc1
"1,2-Dichloropropane",-1.794,1,112.987,0,0,1,0.0,-1.6,CC(Cl)CCl,<rdkit.DataStructs.cDataStructs.ExplicitBitVect object at 0x000001C74A4A2B20>,112.98700000000001,1.8525,0.0,0.0,0.0,
2-Ethyl-2-hexanal,-2.081,1,126.19899999999998,0,0,4,17.07,-2.46,CCCC=C(CC)C=O,<rdkit.DataStructs.cDataStructs.ExplicitBitVect object at 0x000001C74A4A2960>,126.19899999999998,2.3218000000000005,17.07,0.0,1.0,
Disulfoton,-3.975,1,274.413,0,0,9,18.46,-4.23,CCOP(=S)(OCC)SCCSCC,<rdkit.DataStructs.cDataStructs.ExplicitBitVect object at 0x000001C74A4A27A0>,274.413,3.7702000000000027,18.46,0.0,5.0,
methyltestosterone acetate,-4.863,1,344.4950000000001,0,4,1,43.370000000000005,-5.284,CC(=O)OC3(C)CCC4C2CCC1=CC(=O)CCC1(C)C2CCC34C ,<rdkit.DataStructs.cDataStructs.ExplicitBitVect object at 0x000001C74A4A25E0>,344.4950000000001,4.840100000000005,43.370000000000005,0.0,3.0,O=C1C=C2CCC3C4CCCC4CCC3C2CC1
"2,4,6-PCB",-5.604,1,257.547,0,2,1,0.0,-6.14,Clc1ccc(cc1)c2c(Cl)cccc2Cl ,<rdkit.DataStructs.cDataStructs.ExplicitBitVect object at 0x000001C74A4A2420>,257.547,5.313800000000001,0.0,0.0,0.0,c1ccc(-c2ccccc2)cc1
difluron,-4.692,1,310.687,2,2,2,58.2,-6.02,Fc1cccc(F)c1C(=O)NC(=O)Nc2ccc(Cl)cc2,<rdkit.DataStructs.cDataStructs.ExplicitBitVect object at 0x000001C74A4A2260>,310.687,3.5801000000000016,58.2,2.0,2.0,O=C(NC(=O)c1ccccc1)Nc1ccccc1
Triclosan,-5.645,1,289.545,1,2,2,29.46,-4.46,Oc1cc(Cl)ccc1Oc2ccc(Cl)cc2Cl,<rdkit.DataStructs.cDataStructs.ExplicitBitVect object at 0x000001C74A4A20A0>,289.54499999999996,5.144700000000002,29.46,1.0,2.0,c1ccc(Oc2ccccc2)cc1
diisooctyl phthalate,-7.117000000000001,1,390.5640000000002,0,1,14,52.60000000000001,-6.6370000000000005,c1(C(=O)OCCCCCC(C)(C))c(C(=O)OCCCCCC(C)(C))cccc1,<rdkit.DataStructs.cDataStructs.ExplicitBitVect object at 0x000001C74A4A1EE0>,390.5640000000002,6.433000000000008,52.60000000000001,0.0,4.0,c1ccccc1
Corticosterone,-3.454,1,346.46700000000016,2,4,2,74.6,-3.24,CC12CC(O)C3C(CCC4=CC(=O)CCC34C)C2CCC1C(=O)CO,<rdkit.DataStructs.cDataStructs.ExplicitBitVect object at 0x000001C74A4A1D20>,346.46700000000016,2.666700000000002,74.6,2.0,4.0,O=C1C=C2CCC3C4CCCC4CCC3C2CC1
"1,3,5-Trimethylbenzene ",-3.375,1,120.19499999999998,0,1,0,0.0,-3.4,Cc1cc(C)cc(C)c1,<rdkit.DataStructs.cDataStructs.ExplicitBitVect object at 0x000001C74A4A1B60>,120.19499999999998,2.611860000000001,0.0,0.0,0.0,c1ccccc1
dioctyl phthalate,-7.148,1,390.5640000000004,0,1,16,52.60000000000001,-5.115,CCCCCCCCOC(=O)c1ccccc1C(=O)OCCCCCCCC ,<rdkit.DataStructs.cDataStructs.ExplicitBitVect object at 0x000001C74A4A19A0>,390.56400000000036,6.721200000000008,52.60000000000001,0.0,4.0,c1ccccc1
1-Pentadecanol,-4.586,1,228.41999999999996,1,0,13,20.23,-6.35,CCCCCCCCCCCCCCCO,<rdkit.DataStructs.cDataStructs.ExplicitBitVect object at 0x000001C74A4A17E0>,228.41999999999993,5.069900000000006,20.23,1.0,1.0,
"2,2',6,6'-PCB",-5.915,1,291.992,0,2,1,0.0,-7.39,Clc1cccc(Cl)c1c2c(Cl)cccc2Cl ,<rdkit.DataStructs.cDataStructs.ExplicitBitVect object at 0x000001C74A4A1620>,291.99199999999996,5.967200000000002,0.0,0.0,0.0,c1ccc(-c2ccccc2)cc1
"5,5-Dimethylbarbituric acid",-0.556,1,156.141,2,1,0,75.27000000000001,-1.742,O=C1NC(=O)NC(=O)C1(C)C,<rdkit.DataStructs.cDataStructs.ExplicitBitVect object at 0x000001C74A4A1460>,156.141,-0.6214000000000004,75.27000000000001,2.0,3.0,O=C1CC(=O)NC(=O)N1
2-Iodopropane,-2.486,1,169.993,0,0,0,0.0,-2.09,CC(C)I,<rdkit.DataStructs.cDataStructs.ExplicitBitVect object at 0x000001C74A4A12A0>,169.993,1.8298,0.0,0.0,0.0,
"1,2-Dinitrobenzene",-2.281,1,168.10799999999995,0,1,2,86.28,-3.1,O=N(=O)c1ccccc1N(=O)=O,<rdkit.DataStructs.cDataStructs.ExplicitBitVect object at 0x000001C74A4A10E0>,168.10799999999995,1.503,86.28,0.0,4.0,c1ccccc1
3-Methyl-2-butanone,-0.912,1,86.13399999999999,0,0,1,17.07,-0.12,CC(C)C(=O)C,<rdkit.DataStructs.cDataStructs.ExplicitBitVect object at 0x000001C74A4A0F20>,86.13399999999999,1.2314,17.07,0.0,1.0,
Hexadecane,-6.159,1,226.44799999999992,0,0,13,0.0,-8.4,CCCCCCCCCCCCCCCC,<rdkit.DataStructs.cDataStructs.ExplicitBitVect object at 0x000001C74A4A0D60>,226.44799999999992,6.487600000000007,0.0,0.0,0.0,
"1,8-Cineole",-2.579,1,154.253,0,3,0,9.23,-1.74,CC12CCC(CC1)C(C)(C)O2,<rdkit.DataStructs.cDataStructs.ExplicitBitVect object at 0x000001C74A4A0BA0>,154.253,2.7441000000000013,9.23,0.0,1.0,C1CC2CCC1CO2
Tricyclazole,-2.8680000000000003,1,189.243,0,3,0,30.19,-2.07,Cc2cccc3sc1nncn1c23 ,<rdkit.DataStructs.cDataStructs.ExplicitBitVect object at 0x000001C74A4A09E0>,189.24300000000002,2.25242,30.19,0.0,3.0,c1ccc2c(c1)sc1nncn12
2-Octanone,-1.909,1,128.21499999999995,0,0,5,17.07,-2.05,CCCCCCC(=O)C,<rdkit.DataStructs.cDataStructs.ExplicitBitVect object at 0x000001C74A4A0820>,128.21499999999997,2.5458000000000007,17.07,0.0,1.0,
Methyl nonanoate,-2.962,1,172.268,0,0,7,26.3,-3.38,CCCCCCCCC(=O)OC,<rdkit.DataStructs.cDataStructs.ExplicitBitVect object at 0x000001C74A4A0040>,172.268,2.910000000000001,26.3,0.0,2.0,
"1,4-Difluorobenzene",-2.636,1,114.094,0,1,0,0.0,-1.97,Fc1ccc(F)cc1,<rdkit.DataStructs.cDataStructs.ExplicitBitVect object at 0x000001C74A4A0200>,114.094,1.9647999999999999,0.0,0.0,0.0,c1ccccc1
Thalidomide,-1.944,1,258.233,1,3,1,83.55000000000001,-2.676,O=C1N(C2CCC(=O)NC2=O)C(=O)c3ccccc13,<rdkit.DataStructs.cDataStructs.ExplicitBitVect object at 0x000001C74A4A03C0>,258.233,0.08779999999999949,83.55000000000001,1.0,4.0,O=C1CCC(N2C(=O)c3ccccc3C2=O)C(=O)N1
Trifluralin,-5.205,1,335.28200000000004,0,1,7,89.51999999999998,-5.68,CCCN(CCC)c1c(cc(cc1N(=O)=O)C(F)(F)F)N(=O)=O,<rdkit.DataStructs.cDataStructs.ExplicitBitVect object at 0x000001C74A4A0580>,335.28200000000004,4.148200000000004,89.51999999999998,0.0,5.0,c1ccccc1
Ethanol,0.02,1,46.069,1,0,0,20.23,1.1,CCO,<rdkit.DataStructs.cDataStructs.ExplicitBitVect object at 0x000001C74A4A0740>,46.069,-0.0014000000000000123,20.23,1.0,1.0,
Cyclopentyl-5-spirobarbituric acid,-0.966,1,182.179,2,2,0,75.27,-2.349,O=C2NC(=O)C1(CCCC1)C(=O)N2,<rdkit.DataStructs.cDataStructs.ExplicitBitVect object at 0x000001C74A4A0900>,182.179,-0.08720000000000011,75.27,2.0,3.0,O=C1NC(=O)C2(CCCC2)C(=O)N1
Carbetamide,-2.29,1,236.271,2,1,4,67.42999999999999,-1.83,c1c(NC(=O)OC(C)C(=O)NCC)cccc1,<rdkit.DataStructs.cDataStructs.ExplicitBitVect object at 0x000001C74A4A0AC0>,236.271,1.7597,67.42999999999999,2.0,3.0,c1ccccc1
phenothrin,-6.763,1,350.4580000000001,0,3,6,35.53,-5.24,CC(C)=CC3C(C(=O)OCc2cccc(Oc1ccccc1)c2)C3(C)C ,<rdkit.DataStructs.cDataStructs.ExplicitBitVect object at 0x000001C74A4A0C80>,350.4580000000001,5.760500000000005,35.53,0.0,3.0,O=C(OCc1cccc(Oc2ccccc2)c1)C1CC1
Cycluron,-2.629,1,198.30999999999992,1,1,1,32.34,-2.218,CN(C)C(=O)NC1CCCCCCC1,<rdkit.DataStructs.cDataStructs.ExplicitBitVect object at 0x000001C74A4A0E40>,198.30999999999992,2.3705,32.34,1.0,1.0,C1CCCCCCC1
Mirex,-6.155,1,545.5460000000002,0,6,0,0.0,-6.8,ClC1(C2(Cl)C3(Cl)C4(Cl)C5(Cl)C1(Cl)C3(Cl)Cl)C5(Cl)C(Cl)(Cl)C24Cl,<rdkit.DataStructs.cDataStructs.ExplicitBitVect object at 0x000001C74A4A1000>,545.5460000000002,6.222999999999999,0.0,0.0,0.0,C1C2C3C4CC5C3C1C5C24
1-Bromooctane,-3.721,1,193.128,0,0,6,0.0,-5.06,CCCCCCCCBr,<rdkit.DataStructs.cDataStructs.ExplicitBitVect object at 0x000001C74A4A11C0>,193.128,3.741800000000003,0.0,0.0,0.0,
Benomyl,-2.902,1,290.323,2,2,4,85.25,-4.883,CCCCNC(=O)n1c(NC(=O)OC)nc2ccccc12,<rdkit.DataStructs.cDataStructs.ExplicitBitVect object at 0x000001C74A4A1380>,290.323,2.572400000000001,85.25,2.0,4.0,c1ccc2[nH]cnc2c1
aminopyrine,-2.129,1,231.299,0,2,2,30.17,-0.364,CN(C)c2c(C)n(C)n(c1ccccc1)c2=O ,<rdkit.DataStructs.cDataStructs.ExplicitBitVect object at 0x000001C74A4A1540>,231.299,1.55042,30.17,0.0,2.0,O=c1cc[nH]n1-c1ccccc1
3-Pentanol,-0.97,1,88.15,1,0,2,20.23,-0.24,CCC(O)CC,<rdkit.DataStructs.cDataStructs.ExplicitBitVect object at 0x000001C74A4A1700>,88.15,1.1673,20.23,1.0,1.0,
p-Nitrotoluene,-2.64,1,137.138,0,1,1,43.14,-2.49,Cc1ccc(cc1)N(=O)=O,<rdkit.DataStructs.cDataStructs.ExplicitBitVect object at 0x000001C74A4A18C0>,137.138,1.90322,43.14,0.0,2.0,c1ccccc1
4-Methylpentanol,-1.381,1,102.177,1,0,3,20.23,-1.14,CC(C)CCCO,<rdkit.DataStructs.cDataStructs.ExplicitBitVect object at 0x000001C74A4A1A80>,102.17699999999999,1.4149,20.23,1.0,1.0,
Norethisterone,-2.669,1,314.42500000000007,2,4,0,57.53,-4.57,CC34CCC1C(CCC2=CC(=O)CCC12O)C3CCC4(O)C#C,<rdkit.DataStructs.cDataStructs.ExplicitBitVect object at 0x000001C74A4A1C40>,314.42500000000007,2.607400000000001,57.53,2.0,3.0,O=C1C=C2CCC3C4CCCC4CCC3C2CC1
bromopropylate,-5.832999999999999,1,428.12000000000006,1,2,4,46.53,-4.93,CC(C)OC(=O)C(O)(c1ccc(Br)cc1)c2ccc(Br)cc2 ,<rdkit.DataStructs.cDataStructs.ExplicitBitVect object at 0x000001C74A4A1E00>,428.12000000000006,4.3991000000000025,46.53,1.0,3.0,c1ccc(Cc2ccccc2)cc1
Pyrazon,-2.603,1,221.647,1,2,1,60.91,-2.878,Nc2cnn(c1ccccc1)c(=O)c2Cl,<rdkit.DataStructs.cDataStructs.ExplicitBitVect object at 0x000001C74A4A1FC0>,221.647,1.4681,60.91,1.0,3.0,O=c1cccnn1-c1ccccc1
2-Methylbutan-2-ol,-0.954,1,88.14999999999998,1,0,1,20.23,0.15,CCC(C)(C)O,<rdkit.DataStructs.cDataStructs.ExplicitBitVect object at 0x000001C74A4A2180>,88.14999999999998,1.1673,20.23,1.0,1.0,
p-Cresol,-2.313,1,108.14,1,1,0,20.23,-0.73,Cc1ccc(O)cc1,<rdkit.DataStructs.cDataStructs.ExplicitBitVect object at 0x000001C74A4A2340>,108.13999999999999,1.7006199999999998,20.23,1.0,1.0,c1ccccc1
Ethyl formate,-0.402,1,74.07900000000001,0,0,2,26.3,0.15,CCOC=O,<rdkit.DataStructs.cDataStructs.ExplicitBitVect object at 0x000001C74A4A2500>,74.07900000000001,0.17930000000000001,26.3,0.0,2.0,
"N,N-Dimethylaniline",-2.542,1,121.18299999999996,0,1,1,3.24,-1.92,CN(C)c1ccccc1,<rdkit.DataStructs.cDataStructs.ExplicitBitVect object at 0x000001C74A4A26C0>,121.18299999999995,1.7526,3.24,0.0,1.0,c1ccccc1
Decalin,-3.715,2,138.254,0,2,0,0.0,-5.19,C1CCC2CCCCC2C1,<rdkit.DataStructs.cDataStructs.ExplicitBitVect object at 0x000001C74A4A2880>,138.254,3.3668000000000022,0.0,0.0,0.0,C1CCC2CCCCC2C1
Butanethiol ,-1.676,1,90.191,1,0,2,0.0,-2.18,CCCCS,<rdkit.DataStructs.cDataStructs.ExplicitBitVect object at 0x000001C74A4ABF40>,90.19099999999999,1.7163,0.0,1.0,1.0,
Benzo(e)pyrene,-6.007000000000001,2,252.316,0,5,0,0.0,-7.8,c1ccc2c(c1)c3cccc4ccc5cccc2c5c43,<rdkit.DataStructs.cDataStructs.ExplicitBitVect object at 0x000001C74A4ABE60>,252.31599999999997,5.737200000000003,0.0,0.0,0.0,c1ccc2c(c1)c1cccc3ccc4cccc2c4c31
Tetrachloroethylene,-3.063,1,165.834,0,0,0,0.0,-2.54,ClC(=C(Cl)Cl)Cl,<rdkit.DataStructs.cDataStructs.ExplicitBitVect object at 0x000001C74A4ABD80>,165.834,3.0682,0.0,0.0,0.0,
3-Pentanone,-0.912,1,86.134,0,0,2,17.07,-0.28,CCC(=O)CC,<rdkit.DataStructs.cDataStructs.ExplicitBitVect object at 0x000001C74A4ABCA0>,86.134,1.3755,17.07,0.0,1.0,
Acrylonitrile,-0.354,1,53.06399999999999,0,0,0,23.79,0.15,C=CC#N,<rdkit.DataStructs.cDataStructs.ExplicitBitVect object at 0x000001C74A4ABBC0>,53.06399999999999,0.6959799999999999,23.79,0.0,1.0,
Flumethasone,-3.539,1,410.4570000000002,3,4,2,94.83,-5.613,CC1CC2C3CC(F)C4=CC(=O)C=CC4(C)C3(F)C(O)CC2(C)C1(O)C(=O)CO,<rdkit.DataStructs.cDataStructs.ExplicitBitVect object at 0x000001C74A4ABAE0>,410.4570000000002,1.8436999999999997,94.83,3.0,5.0,O=C1C=CC2C(=C1)CCC1C3CCCC3CCC21
2-Hexanone,-1.2,1,100.161,0,0,3,17.07,-0.8,CCCCC(=O)C,<rdkit.DataStructs.cDataStructs.ExplicitBitVect object at 0x000001C74A4ABA00>,100.16099999999999,1.7656,17.07,0.0,1.0,
Terbumeton,-3.505,1,225.296,2,1,4,71.96000000000001,-3.239,CCNc1nc(NC(C)(C)C)nc(OC)n1,<rdkit.DataStructs.cDataStructs.ExplicitBitVect object at 0x000001C74A4AB920>,225.296,1.5223999999999998,71.96000000000001,2.0,6.0,c1ncncn1
3-Methylheptane,-3.3080000000000003,1,114.232,0,0,4,0.0,-5.16,CCCCC(C)CC,<rdkit.DataStructs.cDataStructs.ExplicitBitVect object at 0x000001C74A4AB7D0>,114.23199999999999,3.2227000000000023,0.0,0.0,0.0,
"1,2-Dibromoethane",-2.102,1,187.862,0,0,1,0.0,-1.68,BrCCBr,<rdkit.DataStructs.cDataStructs.ExplicitBitVect object at 0x000001C74A4AB6F0>,187.862,1.7762,0.0,0.0,0.0,
Isoprocarb,-2.734,1,193.246,1,1,2,38.33,-2.863,CNC(=O)Oc1ccccc1C(C)C,<rdkit.DataStructs.cDataStructs.ExplicitBitVect object at 0x000001C74A4AB610>,193.24599999999998,2.528200000000001,38.33,1.0,2.0,c1ccccc1
Niridazole,-1.948,1,214.206,1,2,2,88.37,-3.22,O=C1NCCN1c2ncc(s2)N(=O)=O,<rdkit.DataStructs.cDataStructs.ExplicitBitVect object at 0x000001C74A4AB530>,214.20600000000002,0.5808999999999999,88.37,1.0,5.0,O=C1NCCN1c1nccs1
Benzo(a)fluorene,-5.189,2,216.283,0,4,0,0.0,-6.68,C1c2ccccc2c3ccc4ccccc4c13,<rdkit.DataStructs.cDataStructs.ExplicitBitVect object at 0x000001C74A4AB450>,216.283,4.411000000000003,0.0,0.0,0.0,c1ccc2c(c1)Cc1c-2ccc2ccccc12
2-Chloroanisole,-2.912,1,142.58499999999998,0,1,1,9.23,-2.46,COc1ccccc1Cl,<rdkit.DataStructs.cDataStructs.ExplicitBitVect object at 0x000001C74A4AB370>,142.58499999999998,2.3486000000000002,9.23,0.0,1.0,c1ccccc1
Bromophos,-5.604,1,366.0,0,1,4,27.69,-6.09,COP(=S)(OC)Oc1cc(Cl)c(Br)cc1Cl,<rdkit.DataStructs.cDataStructs.ExplicitBitVect object at 0x000001C74A4AB290>,366.0,4.652000000000002,27.69,0.0,4.0,c1ccccc1
Quinonamid,-3.988,1,332.57000000000005,1,2,3,63.24,-5.03,ClC(Cl)CC(=O)NC2=C(Cl)C(=O)c1ccccc1C2=O,<rdkit.DataStructs.cDataStructs.ExplicitBitVect object at 0x000001C74A4AB1B0>,332.57000000000005,2.8260000000000005,63.24,1.0,3.0,O=C1C=CC(=O)c2ccccc21
"P,P'-DDD",-6.007999999999999,1,320.04600000000005,0,2,3,0.0,-7.2,ClC(Cl)C(c1ccc(Cl)cc1)c2ccc(Cl)cc2 ,<rdkit.DataStructs.cDataStructs.ExplicitBitVect object at 0x000001C74A4AB0D0>,320.04600000000005,5.929000000000003,0.0,0.0,0.0,c1ccc(Cc2ccccc2)cc1
Methyl acrylate,-0.878,1,86.09,0,0,1,26.3,-0.22,COC(=O)C=C,<rdkit.DataStructs.cDataStructs.ExplicitBitVect object at 0x000001C74A4AAFF0>,86.09,0.34539999999999993,26.3,0.0,2.0,
Chloroxuron,-4.477,1,290.75,1,2,3,41.57000000000001,-4.89,CN(C)C(=O)Nc2ccc(Oc1ccc(Cl)cc1)cc2,<rdkit.DataStructs.cDataStructs.ExplicitBitVect object at 0x000001C74A4AAF10>,290.75,4.225800000000003,41.57000000000001,1.0,2.0,c1ccc(Oc2ccccc2)cc1
Azobenzene,-4.034,2,182.226,0,2,2,24.72,-4.45,N(=Nc1ccccc1)c2ccccc2,<rdkit.DataStructs.cDataStructs.ExplicitBitVect object at 0x000001C74A4AAE30>,182.226,4.102000000000002,24.72,0.0,2.0,c1ccc(N=Nc2ccccc2)cc1
4-Isopropyltoluene,-3.617,1,134.22199999999998,0,1,1,0.0,-3.77,CC(C)c1ccc(C)cc1,<rdkit.DataStructs.cDataStructs.ExplicitBitVect object at 0x000001C74A4AAD50>,134.22199999999998,3.118420000000002,0.0,0.0,0.0,c1ccccc1
"2,6-Dichlorophenol",-3.012,1,163.003,1,1,0,20.23,-1.79,Oc1c(Cl)cccc1Cl,<rdkit.DataStructs.cDataStructs.ExplicitBitVect object at 0x000001C74A4AAC70>,163.003,2.699,20.23,1.0,1.0,c1ccccc1
Sucrose,0.31,1,342.297,8,2,5,189.53,0.79,OCC2OC(OC1(CO)OC(CO)C(O)C1O)C(O)C(O)C2O ,<rdkit.DataStructs.cDataStructs.ExplicitBitVect object at 0x000001C74A4AAB90>,342.297,-5.395599999999993,189.52999999999997,8.0,11.0,C1CCC(OC2CCCO2)OC1
d-inositol,-0.887,1,180.156,6,1,0,121.38,0.35,OC1C(O)C(O)C(O)C(O)C1O,<rdkit.DataStructs.cDataStructs.ExplicitBitVect object at 0x000001C74A4AAAB0>,180.156,-3.8346000000000005,121.38000000000001,6.0,6.0,C1CCCCC1
Dyphylline,-0.847,1,254.24599999999995,2,2,3,102.28,-0.17,Cn2c(=O)n(C)c1ncn(CC(O)CO)c1c2=O,<rdkit.DataStructs.cDataStructs.ExplicitBitVect object at 0x000001C74A4AA9D0>,254.24599999999995,-2.2130999999999985,102.28,2.0,5.0,O=c1[nH]c(=O)c2[nH]cnc2[nH]1
Chloramphenicol,-2.613,1,323.13200000000006,3,1,6,112.70000000000002,-2.111,OCC(NC(=O)C(Cl)Cl)C(O)c1ccc(cc1)N(=O)=O,<rdkit.DataStructs.cDataStructs.ExplicitBitVect object at 0x000001C74A4AA8F0>,323.13200000000006,0.909,112.70000000000002,3.0,5.0,c1ccccc1
3-Ethyl-3-pentanol,-1.663,1,116.204,1,0,3,20.23,-0.85,CCC(O)(CC)CC,<rdkit.DataStructs.cDataStructs.ExplicitBitVect object at 0x000001C74A4AA810>,116.204,1.9475,20.23,1.0,1.0,
Epitostanol,-4.545,1,306.51500000000004,1,5,0,20.23,-5.41,CC45CCC2C(CCC3CC1SC1CC23C)C4CCC5O,<rdkit.DataStructs.cDataStructs.ExplicitBitVect object at 0x000001C74A4AA730>,306.51500000000004,4.483900000000005,20.23,1.0,2.0,C1CC2CCC3C4CC5SC5CC4CCC3C2C1
"1,2-Dibromobenzene",-4.172,1,235.906,0,1,0,0.0,-3.5,Brc1ccccc1Br,<rdkit.DataStructs.cDataStructs.ExplicitBitVect object at 0x000001C74A4AA650>,235.90599999999998,3.2116000000000007,0.0,0.0,0.0,c1ccccc1
"2,4,6-Trichlorophenol",-3.648,1,197.448,1,1,0,20.23,-2.34,Oc1c(Cl)cc(Cl)cc1Cl,<rdkit.DataStructs.cDataStructs.ExplicitBitVect object at 0x000001C74A4AA570>,197.44799999999998,3.3523999999999994,20.23,1.0,1.0,c1ccccc1
oryzalin,-3.784,1,346.3650000000001,1,1,8,149.67999999999998,-5.16,CCCN(CCC)c1c(cc(cc1N(=O)=O)S(N)(=O)=O)N(=O)=O,<rdkit.DataStructs.cDataStructs.ExplicitBitVect object at 0x000001C74A4AA490>,346.3650000000001,1.7768000000000002,149.67999999999998,1.0,7.0,c1ccccc1
RTI 20,-3.663,1,255.292,0,3,2,20.31,-4.799,C2c1ccccc1N(CCF)C(=O)c3ccccc23 ,<rdkit.DataStructs.cDataStructs.ExplicitBitVect object at 0x000001C74A4AA3B0>,255.29199999999997,3.2071000000000023,20.310000000000002,0.0,1.0,O=C1Nc2ccccc2Cc2ccccc21
"2,4-Dimethyl-3-pentanone",-1.7519999999999998,1,114.18799999999996,0,0,2,17.07,-1.3,CC(C)C(=O)C(C)C,<rdkit.DataStructs.cDataStructs.ExplicitBitVect object at 0x000001C74A4AA2D0>,114.18799999999997,1.8675,17.07,0.0,1.0,
5-(3-Methyl-2-butenyl)-5-isoPrbarbital,-2.465,1,238.287,2,1,3,75.27000000000001,-2.593,O=C1NC(=O)NC(=O)C1(C(C)C)CC=C(C)C,<rdkit.DataStructs.cDataStructs.ExplicitBitVect object at 0x000001C74A4AA1F0>,238.28699999999998,1.3510999999999993,75.27000000000001,2.0,3.0,O=C1CC(=O)NC(=O)N1
gentisin,-1.2919999999999998,1,262.261,2,3,1,75.99000000000001,-2.943,c1c(O)C2C(=O)C3cc(O)ccC3OC2cc1(OC),<rdkit.DataStructs.cDataStructs.ExplicitBitVect object at 0x000001C74A4AA110>,262.261,1.5528,75.99000000000001,2.0,5.0,O=C1C2C=CC=CC2OC2C=CC=CC12
Caffeine,-1.4980000000000002,1,194.194,0,2,0,61.82,-0.8759999999999999,Cn1cnc2n(C)c(=O)n(C)c(=O)c12,<rdkit.DataStructs.cDataStructs.ExplicitBitVect object at 0x000001C74A4AA030>,194.19399999999996,-1.0293,61.82,0.0,3.0,O=c1[nH]c(=O)c2[nH]cnc2[nH]1
Spironolactone,-3.842,1,416.58300000000025,0,5,1,60.44,-4.173,CC(=O)SC4CC1=CC(=O)CCC1(C)C5CCC2(C)C(CCC23CCC(=O)O3)C45,<rdkit.DataStructs.cDataStructs.ExplicitBitVect object at 0x000001C74A4A9F50>,416.58300000000025,4.852300000000005,60.44,0.0,5.0,O=C1C=C2CCC3C(CCC4C3CCC43CCC(=O)O3)C2CC1
"3,4-Dimethylphenol",-2.6210000000000004,1,122.167,1,1,0,20.23,-1.38,Cc1ccc(O)cc1C,<rdkit.DataStructs.cDataStructs.ExplicitBitVect object at 0x000001C74A4A9E70>,122.16699999999999,2.0090399999999997,20.23,1.0,1.0,c1ccccc1
Diphenyl ether ,-4.254,2,170.211,0,2,2,9.23,-3.96,O(c1ccccc1)c2ccccc2,<rdkit.DataStructs.cDataStructs.ExplicitBitVect object at 0x000001C74A4A9D90>,170.211,3.478900000000002,9.23,0.0,1.0,c1ccc(Oc2ccccc2)cc1
"2,2',4,4',5,5'-PCB",-7.343,1,360.88200000000006,0,2,1,0.0,-8.56,Clc1cc(Cl)c(cc1Cl)c2cc(Cl)c(Cl)cc2Cl ,<rdkit.DataStructs.cDataStructs.ExplicitBitVect object at 0x000001C74A4A9CB0>,360.88200000000006,7.274000000000001,0.0,0.0,0.0,c1ccc(-c2ccccc2)cc1
nicotinamide,-0.964,1,122.12699999999997,1,1,1,55.98,0.61,NC(=O)c1cccnc1 ,<rdkit.DataStructs.cDataStructs.ExplicitBitVect object at 0x000001C74A4A9BD0>,122.12699999999997,0.18050000000000016,55.980000000000004,1.0,2.0,c1ccncc1
Thiophenol ,-2.758,1,110.18099999999995,1,1,0,0.0,-2.12,Sc1ccccc1,<rdkit.DataStructs.cDataStructs.ExplicitBitVect object at 0x000001C74A4A9AF0>,110.18099999999997,1.9752999999999996,0.0,1.0,1.0,c1ccccc1
XMC,-2.688,1,179.219,1,1,1,38.33,-2.5810000000000004,CNC(=O)Oc1cc(C)cc(C)c1,<rdkit.DataStructs.cDataStructs.ExplicitBitVect object at 0x000001C74A4A9A10>,179.219,2.02164,38.33,1.0,2.0,c1ccccc1
Chlordane,-6.039,1,409.7819999999999,0,3,0,0.0,-6.86,ClC1CC2C(C1Cl)C3(Cl)C(=C(Cl)C2(Cl)C3(Cl)Cl)Cl,<rdkit.DataStructs.cDataStructs.ExplicitBitVect object at 0x000001C74A4A9930>,409.7819999999999,5.682800000000001,0.0,0.0,0.0,C1=CC2CC1C1CCCC21
Dimethyldisulfide,-1.524,1,94.204,0,0,1,0.0,-1.44,CSSC,<rdkit.DataStructs.cDataStructs.ExplicitBitVect object at 0x000001C74A4A9850>,94.20400000000001,1.6274,0.0,0.0,2.0,
Benzamide,-1.501,1,121.13899999999995,1,1,1,43.09,-0.96,NC(=O)c1ccccc1,<rdkit.DataStructs.cDataStructs.ExplicitBitVect object at 0x000001C74A4A9770>,121.13899999999995,0.7855000000000001,43.09,1.0,1.0,c1ccccc1
o-Chlorobromobenzene,-3.84,1,191.455,0,1,0,0.0,-3.19,Clc1ccccc1Br,<rdkit.DataStructs.cDataStructs.ExplicitBitVect object at 0x000001C74A4A9690>,191.45499999999998,3.1025,0.0,0.0,0.0,c1ccccc1
Monotropitoside,-1.493,1,446.405,6,3,6,184.6,-0.742,COC(=O)c1ccccc1OC2OC(COC3OCC(O)C(O)C3O)C(O)C(O)C2O,<rdkit.DataStructs.cDataStructs.ExplicitBitVect object at 0x000001C74A4A95B0>,446.40500000000003,-2.884799999999998,184.6,6.0,12.0,c1ccc(OC2CCCC(COC3CCCCO3)O2)cc1
3-Heptanol ,-1.6780000000000002,1,116.20399999999998,1,0,4,20.23,-1.47,CCCCC(O)CC,<rdkit.DataStructs.cDataStructs.ExplicitBitVect object at 0x000001C74A4A94D0>,116.20399999999998,1.9475,20.23,1.0,1.0,
RTI 15,-3.891,1,268.32,1,3,1,58.120000000000005,-4.553999999999999,CCN2c1nc(C)cc(C)c1NC(=O)c3cccnc23 ,<rdkit.DataStructs.cDataStructs.ExplicitBitVect object at 0x000001C74A4A93F0>,268.32,2.817140000000001,58.120000000000005,1.0,4.0,O=C1Nc2cccnc2Nc2ncccc21
"3,5-Dichlorophenol",-3.428,1,163.003,1,1,0,20.23,-1.34,Oc1cc(Cl)cc(Cl)c1,<rdkit.DataStructs.cDataStructs.ExplicitBitVect object at 0x000001C74A4A9310>,163.003,2.699,20.23,1.0,1.0,c1ccccc1
1-Methylphenanthrene,-4.87,1,192.261,0,3,0,0.0,-5.85,Cc1cccc2c1ccc3ccccc32,<rdkit.DataStructs.cDataStructs.ExplicitBitVect object at 0x000001C74A4A9230>,192.261,4.301420000000003,0.0,0.0,0.0,c1ccc2c(c1)ccc1ccccc12
2-Ethyl-1-hexanol,-2.089,1,130.231,1,0,5,20.23,-2.11,CCCCC(CC)CO,<rdkit.DataStructs.cDataStructs.ExplicitBitVect object at 0x000001C74A4A9150>,130.231,2.1951000000000005,20.23,1.0,1.0,
Diallate,-3.827,1,270.225,0,0,4,20.31,-4.2860000000000005,CC(C)N(C(C)C)C(=O)SCC(=CCl)Cl,<rdkit.DataStructs.cDataStructs.ExplicitBitVect object at 0x000001C74A4A9070>,270.225,4.277400000000004,20.310000000000002,0.0,2.0,
Toluene ,-2.713,1,92.141,0,1,0,0.0,-2.21,Cc1ccccc1,<rdkit.DataStructs.cDataStructs.ExplicitBitVect object at 0x000001C74A4A8F90>,92.14099999999999,1.99502,0.0,0.0,0.0,c1ccccc1
Nitrapyrin,-3.833,1,230.909,0,1,0,12.89,-3.76,Clc1cccc(n1)C(Cl)(Cl)Cl,<rdkit.DataStructs.cDataStructs.ExplicitBitVect object at 0x000001C74A4A8EB0>,230.909,3.5617,12.89,0.0,1.0,c1ccncc1
Cycloheptene,-2.599,2,96.173,0,1,0,0.0,-3.18,C1CCC=CCC1,<rdkit.DataStructs.cDataStructs.ExplicitBitVect object at 0x000001C74A4A8DD0>,96.173,2.5067000000000004,0.0,0.0,0.0,C1=CCCCCC1
Thiram,-2.444,1,240.444,0,0,0,6.48,-3.9,CN(C)C(=S)SSC(=S)N(C)C ,<rdkit.DataStructs.cDataStructs.ExplicitBitVect object at 0x000001C74A4A8CF0>,240.44400000000002,2.0608,6.48,0.0,4.0,
Griseofulvin,-3.3280000000000003,1,352.7700000000001,0,3,3,71.06,-3.2460000000000004,COC1=CC(=O)CC(C)C13Oc2c(Cl)c(OC)cc(OC)c2C3=O,<rdkit.DataStructs.cDataStructs.ExplicitBitVect object at 0x000001C74A4A8C10>,352.7700000000001,2.8103000000000007,71.06,0.0,6.0,O=C1C=CC2(CC1)Oc1ccccc1C2=O
1-Decanol,-2.814,1,158.285,1,0,8,20.23,-3.63,CCCCCCCCCCO,<rdkit.DataStructs.cDataStructs.ExplicitBitVect object at 0x000001C74A4A8B30>,158.285,3.119400000000002,20.23,1.0,1.0,
"3,3-Dimethylpentane",-2.938,1,100.20499999999998,0,0,2,0.0,-4.23,CCC(C)(C)CC,<rdkit.DataStructs.cDataStructs.ExplicitBitVect object at 0x000001C74A4A8A50>,100.20499999999998,2.832600000000001,0.0,0.0,0.0,
vamidothion,-1.446,1,287.343,1,0,8,64.63000000000001,1.144,CNC(=O)C(C)SCCSP(=O)(OC)(OC),<rdkit.DataStructs.cDataStructs.ExplicitBitVect object at 0x000001C74A4A8970>,287.34299999999996,1.9881999999999997,64.63000000000001,1.0,6.0,
"2,3,4,5-Tetrachlorophenol",-4.335,1,231.893,1,1,0,20.23,-3.15,Oc1cc(Cl)c(Cl)c(Cl)c1Cl,<rdkit.DataStructs.cDataStructs.ExplicitBitVect object at 0x000001C74A4A8890>,231.893,4.0058,20.23,1.0,1.0,c1ccccc1
Butyraldehyde,-0.7490000000000001,1,72.107,0,0,2,17.07,-0.01,CCCC=O,<rdkit.DataStructs.cDataStructs.ExplicitBitVect object at 0x000001C74A4A87B0>,72.107,0.9854,17.07,0.0,1.0,
dexamethasone acetate,-3.933,1,434.5040000000003,2,4,3,100.9,-4.9,CC4CC3C2CCC1=CC(=O)C=CC1(C)C2(F)C(O)CC3(C)C4(O)C(=O)COC(C)=O ,<rdkit.DataStructs.cDataStructs.ExplicitBitVect object at 0x000001C74A4A86D0>,434.5040000000003,2.466500000000001,100.9,2.0,6.0,O=C1C=CC2C(=C1)CCC1C3CCCC3CCC21
Butane,-1.907,1,58.124,0,0,1,0.0,-2.57,CCCC,<rdkit.DataStructs.cDataStructs.ExplicitBitVect object at 0x000001C74A4A85F0>,58.123999999999995,1.8064,0.0,0.0,0.0,
o-Methoxyphenol,-1.941,1,124.13899999999995,1,1,1,29.46,-1.96,COc1ccccc1O,<rdkit.DataStructs.cDataStructs.ExplicitBitVect object at 0x000001C74A4A8510>,124.13899999999997,1.4008,29.46,1.0,2.0,c1ccccc1
Fluoromethalone,-3.507,1,376.4680000000001,2,4,1,74.6,-4.099,CC1CC2C3CCC(O)(C(=O)C)C3(C)CC(O)C2(F)C4(C)C=CC(=O)C=C14,<rdkit.DataStructs.cDataStructs.ExplicitBitVect object at 0x000001C74A4A82E0>,376.46800000000013,2.923300000000001,74.6,2.0,4.0,O=C1C=CC2C(=C1)CCC1C3CCCC3CCC21
Pentachloroethane,-3.382,1,202.295,0,0,0,0.0,-2.6,ClC(Cl)C(Cl)(Cl)Cl,<rdkit.DataStructs.cDataStructs.ExplicitBitVect object at 0x000001C74A4A8120>,202.29500000000002,3.1603000000000003,0.0,0.0,0.0,
Diethyl phthalate ,-3.016,1,222.23999999999995,0,1,4,52.60000000000001,-2.35,CCOC(=O)c1ccccc1C(=O)OCC,<rdkit.DataStructs.cDataStructs.ExplicitBitVect object at 0x000001C74A4A84A0>,222.23999999999995,2.04,52.60000000000001,0.0,4.0,c1ccccc1
2-Methylpropan-1-ol,-0.672,1,74.12299999999999,1,0,1,20.23,0.1,CC(C)CO,<rdkit.DataStructs.cDataStructs.ExplicitBitVect object at 0x000001C74A4AB300>,74.12299999999999,0.6347,20.23,1.0,1.0,
Isobutylbenzene,-3.57,1,134.22199999999998,0,1,2,0.0,-4.12,CC(C)Cc1ccccc1,<rdkit.DataStructs.cDataStructs.ExplicitBitVect object at 0x000001C74A4A9B60>,134.22199999999998,2.8851000000000013,0.0,0.0,0.0,c1ccccc1
Diiodomethane,-2.958,1,267.835,0,0,0,0.0,-2.34,ICI,<rdkit.DataStructs.cDataStructs.ExplicitBitVect object at 0x000001C74A4A9C40>,267.835,1.8139,0.0,0.0,0.0,
4-Heptanol,-1.6780000000000002,1,116.204,1,0,4,20.23,-1.4,CCCC(O)CCC,<rdkit.DataStructs.cDataStructs.ExplicitBitVect object at 0x000001C74A4A9620>,116.204,1.9475,20.23,1.0,1.0,
Pentyl acetate,-1.833,1,130.18699999999998,0,0,4,26.3,-1.89,CCCCCOC(=O)C,<rdkit.DataStructs.cDataStructs.ExplicitBitVect object at 0x000001C74A4A9700>,130.18699999999998,1.7397,26.3,0.0,2.0,
"2,3,5,6-Tetrachlorophenol",-4.203,1,231.893,1,1,0,20.23,-3.37,Oc1c(Cl)c(Cl)cc(Cl)c1Cl,<rdkit.DataStructs.cDataStructs.ExplicitBitVect object at 0x000001C74A4AB060>,231.893,4.0058,20.23,1.0,1.0,c1ccccc1
Propylbenzene ,-3.281,1,120.19499999999996,0,1,2,0.0,-3.37,CCCc1ccccc1,<rdkit.DataStructs.cDataStructs.ExplicitBitVect object at 0x000001C74A4AAF80>,120.19499999999995,2.639100000000001,0.0,0.0,0.0,c1ccccc1
"1,2-Dichlorotetrafluoroethane",-2.697,1,170.92000000000002,0,0,1,0.0,-2.74,FC(F)(Cl)C(F)(F)Cl,<rdkit.DataStructs.cDataStructs.ExplicitBitVect object at 0x000001C74A4A9D20>,170.92000000000002,2.6495999999999995,0.0,0.0,0.0,
2-butenal,-0.604,1,70.09100000000001,0,0,1,17.07,0.32,CC=CC=O,<rdkit.DataStructs.cDataStructs.ExplicitBitVect object at 0x000001C74A4AB760>,70.09100000000001,0.7614000000000001,17.07,0.0,1.0,
tetramethylurea,-0.495,1,116.164,0,0,0,23.550000000000004,0.94,CN(C)C(=O)N(C)C ,<rdkit.DataStructs.cDataStructs.ExplicitBitVect object at 0x000001C74A4AACE0>,116.16399999999999,0.22960000000000003,23.550000000000004,0.0,1.0,
"1,2,4,5-Tetramethylbenzene",-3.664,1,134.22199999999998,0,1,0,0.0,-4.59,Cc1cc(C)c(C)cc1C,<rdkit.DataStructs.cDataStructs.ExplicitBitVect object at 0x000001C74A4AADC0>,134.22199999999998,2.9202800000000018,0.0,0.0,0.0,c1ccccc1
norethindrone acetate,-4.2410000000000005,1,340.4630000000001,0,4,1,43.370000000000005,-4.8,CC(=O)OC3(CCC4C2CCC1=CC(=O)CCC1C2CCC34C)C#C,<rdkit.DataStructs.cDataStructs.ExplicitBitVect object at 0x000001C74A4AB4C0>,340.4630000000001,4.0633000000000035,43.370000000000005,0.0,3.0,O=C1C=C2CCC3C4CCCC4CCC3C2CC1
Ditalimfos,-3.992,1,299.28800000000007,0,2,5,55.84,-3.35,CCOP(=S)(OCC)N2C(=O)c1ccccc1C2=O,<rdkit.DataStructs.cDataStructs.ExplicitBitVect object at 0x000001C74A4AA880>,299.28800000000007,2.5801000000000007,55.84,0.0,5.0,O=C1NC(=O)c2ccccc21
salicylanilide,-3.782,1,213.236,2,2,2,49.33,-3.59,c1ccccc1NC(=O)c2c(O)cccc2,<rdkit.DataStructs.cDataStructs.ExplicitBitVect object at 0x000001C74A4AB220>,213.23600000000002,2.6445,49.33,2.0,2.0,O=C(Nc1ccccc1)c1ccccc1
Sulfallate,-3.254,1,223.794,0,0,4,3.24,-3.39,CCN(CC)C(=S)SCC(Cl)=C,<rdkit.DataStructs.cDataStructs.ExplicitBitVect object at 0x000001C74A4AB990>,223.79399999999998,3.0988000000000016,3.24,0.0,2.0,
Chloroethane,-1.165,1,64.515,0,0,0,0.0,-1.06,ClCC,<rdkit.DataStructs.cDataStructs.ExplicitBitVect object at 0x000001C74A4AB840>,64.515,1.2451,0.0,0.0,0.0,
Mefluidide,-3.165,1,310.297,2,1,3,75.27000000000001,-3.24,CC(=O)Nc1cc(NS(=O)(=O)C(F)(F)F)c(C)cc1C,<rdkit.DataStructs.cDataStructs.ExplicitBitVect object at 0x000001C74A4AB3E0>,310.297,2.52334,75.27000000000001,2.0,3.0,c1ccccc1
Piperine,-3.659,1,285.343,0,3,3,38.77,-3.46,O=C(C=CC=Cc2ccc1OCOc1c2)N3CCCCC3,<rdkit.DataStructs.cDataStructs.ExplicitBitVect object at 0x000001C74A4AA180>,285.343,2.997200000000001,38.77,0.0,3.0,O=C(C=CC=Cc1ccc2c(c1)OCO2)N1CCCCC1
cis-2-Pentene,-2.076,1,70.135,0,0,1,0.0,-2.54,CC/C=C\C,<rdkit.DataStructs.cDataStructs.ExplicitBitVect object at 0x000001C74C7997E0>,70.135,1.9725,0.0,0.0,0.0,
thiofanox,-2.7,1,218.322,1,0,3,50.69,-1.62,CNC(=O)ON=C(CSC)C(C)(C)C ,<rdkit.DataStructs.cDataStructs.ExplicitBitVect object at 0x000001C74C79A810>,218.32199999999997,2.1075,50.69,1.0,4.0,
Cyclooctyl-5-spirobarbituric acid,-2.2840000000000003,1,224.26,2,2,0,75.27,-2.982,O=C2NC(=O)C1(CCCCCCC1)C(=O)N2,<rdkit.DataStructs.cDataStructs.ExplicitBitVect object at 0x000001C74C79B220>,224.25999999999996,1.0831,75.27,2.0,3.0,O=C1NC(=O)C2(CCCCCCC2)C(=O)N1
butacarb,-4.642,1,263.381,1,1,1,38.33,-4.24,c1(C(C)(C)C)cc(C(C)(C)C)cc(OC(=O)NC)c1,<rdkit.DataStructs.cDataStructs.ExplicitBitVect object at 0x000001C74C79AA40>,263.381,3.999800000000003,38.33,1.0,2.0,c1ccccc1
Eriodictyol,-3.152,1,288.255,4,3,1,107.22,-3.62,Oc2cc(O)c1C(=O)CC(Oc1c2)c3ccc(O)c(O)c3,<rdkit.DataStructs.cDataStructs.ExplicitBitVect object at 0x000001C74C79B0D0>,288.255,2.2155000000000005,107.22000000000001,4.0,6.0,O=C1CC(c2ccccc2)Oc2ccccc21
Benzophenone,-3.612,1,182.222,0,2,2,17.07,-3.12,O=C(c1ccccc1)c2ccccc2,<rdkit.DataStructs.cDataStructs.ExplicitBitVect object at 0x000001C74C799D90>,182.222,2.917600000000001,17.07,0.0,1.0,O=C(c1ccccc1)c1ccccc1
Eicosane,-7.576,1,282.5559999999999,0,0,17,0.0,-8.172,CCCCCCCCCCCCCCCCCCCC,<rdkit.DataStructs.cDataStructs.ExplicitBitVect object at 0x000001C74C799BD0>,282.5559999999999,8.048000000000007,0.0,0.0,0.0,
hydrazobenzene,-3.492,2,184.242,2,2,3,24.06,-2.92,N(Nc1ccccc1)c2ccccc2 ,<rdkit.DataStructs.cDataStructs.ExplicitBitVect object at 0x000001C74C799A80>,184.242,3.1256000000000013,24.06,2.0,2.0,c1ccc(NNc2ccccc2)cc1
2-Ethyl-1-butanol,-1.381,1,102.177,1,0,3,20.23,-1.17,CCC(CC)CO,<rdkit.DataStructs.cDataStructs.ExplicitBitVect object at 0x000001C74C799CB0>,102.17699999999999,1.4149,20.23,1.0,1.0,
4-hydroxypyridine,-1.655,1,95.10099999999998,1,1,0,33.120000000000005,1.02,Oc1ccncc1,<rdkit.DataStructs.cDataStructs.ExplicitBitVect object at 0x000001C74C79A180>,95.10099999999998,0.7871999999999999,33.120000000000005,1.0,2.0,c1ccncc1
"cis 1,2-Dichloroethylene",-1.561,1,96.94400000000002,0,0,0,0.0,-1.3,Cl\C=C/Cl,<rdkit.DataStructs.cDataStructs.ExplicitBitVect object at 0x000001C74C79A490>,96.94400000000002,1.9352,0.0,0.0,0.0,
Methylcyclopentane,-2.452,1,84.162,0,1,0,0.0,-3.3,CC1CCCC1,<rdkit.DataStructs.cDataStructs.ExplicitBitVect object at 0x000001C74C799EE0>,84.162,2.1965000000000003,0.0,0.0,0.0,C1CCCC1
4-Methyl-2-pentanol,-1.308,1,102.17699999999998,1,0,2,20.23,-0.8,CC(C)CC(C)O,<rdkit.DataStructs.cDataStructs.ExplicitBitVect object at 0x000001C74C79A260>,102.17699999999998,1.4133,20.23,1.0,1.0,
RTI 11,-3.125,1,254.289,1,3,0,55.56,-3.928,O2c1ccc(N)cc1N(C)C(=O)c3cc(C)ccc23 ,<rdkit.DataStructs.cDataStructs.ExplicitBitVect object at 0x000001C74C79A110>,254.28900000000002,2.9595200000000013,55.56,1.0,3.0,O=C1Nc2ccccc2Oc2ccccc21
"2,2-Dimethylpropanol",-1.011,1,88.14999999999999,1,0,0,20.23,-0.4,CC(C)(C)CO,<rdkit.DataStructs.cDataStructs.ExplicitBitVect object at 0x000001C74C799E70>,88.14999999999999,1.0248,20.23,1.0,1.0,
Triadimefon,-4.132,1,293.754,0,2,4,57.010000000000005,-3.61,CC(C)(C)C(=O)C(Oc1ccc(Cl)cc1)n2cncn2,<rdkit.DataStructs.cDataStructs.ExplicitBitVect object at 0x000001C74C79A500>,293.754,3.1243000000000016,57.010000000000005,0.0,4.0,c1ccc(OCn2cncn2)cc1
Isocarboxazid,-2.251,1,231.255,2,2,4,67.16,-2.461,Cc1cc(no1)C(=O)NNCc2ccccc2,<rdkit.DataStructs.cDataStructs.ExplicitBitVect object at 0x000001C74D805BD0>,231.25500000000002,1.41762,67.16,2.0,4.0,O=C(NNCc1ccccc1)c1ccon1
Propylene,-1.235,1,42.081,0,0,0,0.0,-1.08,CC=C,<rdkit.DataStructs.cDataStructs.ExplicitBitVect object at 0x000001C74D805B60>,42.080999999999996,1.1923000000000001,0.0,0.0,0.0,
Dichlorophen,-4.924,1,269.127,2,2,2,40.46,-3.953,Oc1ccc(Cl)cc1Cc2cc(Cl)ccc2O,<rdkit.DataStructs.cDataStructs.ExplicitBitVect object at 0x000001C74D805AF0>,269.127,3.9954000000000023,40.46,2.0,2.0,c1ccc(Cc2ccccc2)cc1
Desmedipham,-4.182,1,300.314,2,2,4,76.66,-4.632,CCOC(=O)Nc2cccc(OC(=O)Nc1ccccc1)c2 ,<rdkit.DataStructs.cDataStructs.ExplicitBitVect object at 0x000001C74D805A80>,300.314,3.8659000000000017,76.66,2.0,4.0,O=C(Nc1ccccc1)Oc1ccccc1
Anthraquinone,-3.34,1,208.216,0,3,0,34.14,-5.19,O=C1c2ccccc2C(=O)c3ccccc13,<rdkit.DataStructs.cDataStructs.ExplicitBitVect object at 0x000001C74D805A10>,208.21599999999998,2.4620000000000006,34.14,0.0,2.0,O=C1c2ccccc2C(=O)c2ccccc21
2-Octanol,-2.033,1,130.231,1,0,5,20.23,-2.09,CCCCCCC(C)O,<rdkit.DataStructs.cDataStructs.ExplicitBitVect object at 0x000001C74D8059A0>,130.231,2.3376000000000006,20.23,1.0,1.0,
Oxycarboxin,-2.169,1,267.306,1,2,2,72.47,-2.281,CC1=C(C(=O)Nc2ccccc2)S(=O)(=O)CCO1,<rdkit.DataStructs.cDataStructs.ExplicitBitVect object at 0x000001C74D805850>,267.306,1.3016,72.47,1.0,4.0,O=C(Nc1ccccc1)C1=COCCS1(=O)=O
Butylbenzene,-3.585,1,134.22199999999998,0,1,3,0.0,-4.06,CCCCc1ccccc1,<rdkit.DataStructs.cDataStructs.ExplicitBitVect object at 0x000001C74D805770>,134.22199999999998,3.0292000000000012,0.0,0.0,0.0,c1ccccc1
parabanic acid,1.091,1,114.06,2,1,0,75.27,-0.4,O=C1NC(=O)C(=O)N1 ,<rdkit.DataStructs.cDataStructs.ExplicitBitVect object at 0x000001C74D805690>,114.05999999999999,-1.6476000000000002,75.27,2.0,3.0,O=C1NC(=O)C(=O)N1
Abate,-6.678,1,466.47900000000016,0,2,10,55.38000000000001,-6.237,COP(=S)(OC)Oc1ccc(Sc2ccc(OP(=S)(OC)OC)cc2)cc1,<rdkit.DataStructs.cDataStructs.ExplicitBitVect object at 0x000001C74D8055B0>,466.47900000000016,5.630000000000004,55.38000000000001,0.0,9.0,c1ccc(Sc2ccccc2)cc1
Chlorthalidone,-2.564,1,338.7720000000001,3,3,2,109.49,-3.451,NS(=O)(=O)c1cc(ccc1Cl)C2(O)NC(=O)c3ccccc23,<rdkit.DataStructs.cDataStructs.ExplicitBitVect object at 0x000001C74D8054D0>,338.7720000000001,0.9242000000000007,109.49000000000001,3.0,4.0,O=C1NC(c2ccccc2)c2ccccc21
Isobutyl acetate,-1.463,1,116.15999999999998,0,0,2,26.3,-1.21,CC(C)COC(=O)C,<rdkit.DataStructs.cDataStructs.ExplicitBitVect object at 0x000001C74D8053F0>,116.15999999999998,1.2055,26.3,0.0,2.0,
"2,2,3-Trimethylbutane",-2.922,1,100.20499999999998,0,0,0,0.0,-4.36,CC(C)C(C)(C)C,<rdkit.DataStructs.cDataStructs.ExplicitBitVect object at 0x000001C74D805310>,100.20499999999998,2.6885000000000012,0.0,0.0,0.0,
"2,3,3',4,4'6-PCB",-7.746,1,395.3270000000001,0,2,1,0.0,-7.66,Clc1ccc(c(Cl)c1Cl)c2c(Cl)cc(Cl)c(Cl)c2Cl ,<rdkit.DataStructs.cDataStructs.ExplicitBitVect object at 0x000001C74D805230>,395.3270000000001,7.9274000000000004,0.0,0.0,0.0,c1ccc(-c2ccccc2)cc1
Phthalonitrile,-1.717,1,128.13399999999996,0,1,0,47.58,-2.38,N#Cc1ccccc1C#N,<rdkit.DataStructs.cDataStructs.ExplicitBitVect object at 0x000001C74D805150>,128.13399999999996,1.4299600000000001,47.58,0.0,2.0,c1ccccc1
m-Nitrotoluene,-2.64,1,137.138,0,1,1,43.14,-2.44,Cc1cccc(c1)N(=O)=O,<rdkit.DataStructs.cDataStructs.ExplicitBitVect object at 0x000001C74D805070>,137.138,1.90322,43.14,0.0,2.0,c1ccccc1
halothane,-2.608,1,197.381,0,0,0,0.0,-1.71,FC(F)(F)C(Cl)Br ,<rdkit.DataStructs.cDataStructs.ExplicitBitVect object at 0x000001C74D804F90>,197.381,2.5084999999999997,0.0,0.0,0.0,
Oxamyl,-0.908,1,219.266,1,0,1,70.99999999999999,0.106,CNC(=O)ON=C(SC)C(=O)N(C)C,<rdkit.DataStructs.cDataStructs.ExplicitBitVect object at 0x000001C74D804EB0>,219.266,0.10709999999999997,70.99999999999999,1.0,5.0,
Thiometon,-3.323,1,246.359,0,0,7,18.46,-3.091,CCSCCSP(=S)(OC)OC,<rdkit.DataStructs.cDataStructs.ExplicitBitVect object at 0x000001C74D804DD0>,246.35899999999998,2.990000000000001,18.46,0.0,5.0,
2-Methylbutane,-2.245,1,72.151,0,0,1,0.0,-3.18,CCC(C)C,<rdkit.DataStructs.cDataStructs.ExplicitBitVect object at 0x000001C74D804CF0>,72.151,2.0524,0.0,0.0,0.0,
Stirofos,-4.32,1,365.96400000000006,0,1,5,44.760000000000005,-4.522,COP(=O)(OC)OC(=CCl)c1cc(Cl)c(Cl)cc1Cl,<rdkit.DataStructs.cDataStructs.ExplicitBitVect object at 0x000001C74D804C10>,365.96400000000006,5.6015000000000015,44.760000000000005,0.0,4.0,c1ccccc1
